side,entry_time,exit_time,entry_price,exit_price,pnl_pips,exit_reason,session,month
buy,2024-01-02 08:26:10+00:00,2024-01-02 08:36:20+00:00,141.349,141.469,12.000000000000455,tp,W1,2024-01
buy,2024-01-02 08:36:30+00:00,2024-01-02 09:11:30+00:00,141.48499999999999,141.605,12.000000000000455,tp,W1,2024-01
buy,2024-01-02 09:11:40+00:00,2024-01-02 09:30:10+00:00,141.613,141.513,-9.999999999999432,sl,W1,2024-01
buy,2024-01-02 09:45:10+00:00,2024-01-02 10:08:30+00:00,141.47199999999998,141.59199999999998,12.000000000000455,tp,W1,2024-01
buy,2024-01-02 10:10:10+00:00,2024-01-02 10:18:10+00:00,141.612,141.732,12.000000000000455,tp,W1,2024-01
buy,2024-01-02 10:18:20+00:00,2024-01-02 10:26:00+00:00,141.754,141.654,-9.999999999999432,sl,W1,2024-01
buy,2024-01-02 10:37:10+00:00,2024-01-02 10:48:00+00:00,141.679,141.579,-9.999999999999432,sl,W1,2024-01
buy,2024-01-03 08:01:10+00:00,2024-01-03 08:28:10+00:00,142.46699999999998,142.587,12.000000000000455,tp,W1,2024-01
buy,2024-01-03 08:30:10+00:00,2024-01-03 09:32:10+00:00,142.619,142.519,-9.999999999999432,sl,W1,2024-01
buy,2024-01-03 09:41:10+00:00,2024-01-03 10:16:20+00:00,142.60299999999998,142.72299999999998,12.000000000000455,tp,W1,2024-01
buy,2024-01-03 10:17:10+00:00,2024-01-03 10:44:20+00:00,142.749,142.649,-9.999999999999432,sl,W1,2024-01
buy,2024-01-03 10:51:10+00:00,2024-01-03 11:28:30+00:00,142.677,142.797,12.000000000000455,tp,W1,2024-01
buy,2024-01-04 08:02:10+00:00,2024-01-04 08:24:20+00:00,143.45499999999998,143.575,12.000000000000455,tp,W1,2024-01
buy,2024-01-04 08:24:30+00:00,2024-01-04 08:26:10+00:00,143.572,143.472,-9.999999999999432,sl,W1,2024-01
buy,2024-01-04 08:33:10+00:00,2024-01-04 08:50:30+00:00,143.588,143.488,-9.999999999999432,sl,W1,2024-01
buy,2024-01-05 08:09:10+00:00,2024-01-05 08:20:20+00:00,145.00199999999998,144.902,-9.999999999999432,sl,W1,2024-01
buy,2024-01-05 08:28:10+00:00,2024-01-05 09:00:30+00:00,145.012,145.132,12.000000000000455,tp,W1,2024-01
buy,2024-01-05 09:06:10+00:00,2024-01-05 09:10:50+00:00,145.16299999999998,145.063,-9.999999999999432,sl,W1,2024-01
buy,2024-01-05 09:22:10+00:00,2024-01-05 09:37:10+00:00,145.118,145.018,-9.999999999999432,sl,W1,2024-01
buy,2024-01-08 08:04:10+00:00,2024-01-08 08:23:50+00:00,144.488,144.608,12.000000000000455,tp,W1,2024-01
buy,2024-01-08 08:24:00+00:00,2024-01-08 08:29:00+00:00,144.62099999999998,144.521,-9.999999999999432,sl,W1,2024-01
buy,2024-01-08 08:44:10+00:00,2024-01-08 09:38:00+00:00,144.52599999999998,144.426,-9.999999999999432,sl,W1,2024-01
buy,2024-01-09 08:07:10+00:00,2024-01-09 08:13:20+00:00,144.158,144.278,12.000000000000455,tp,W1,2024-01
buy,2024-01-09 08:14:10+00:00,2024-01-09 08:30:10+00:00,144.28099999999998,144.18099999999998,-9.999999999999432,sl,W1,2024-01
buy,2024-01-09 09:43:10+00:00,2024-01-09 10:00:50+00:00,143.874,143.994,12.000000000000455,tp,W1,2024-01
buy,2024-01-09 10:01:00+00:00,2024-01-09 10:18:00+00:00,143.99099999999999,143.891,-9.999999999999432,sl,W1,2024-01
buy,2024-01-09 10:31:10+00:00,2024-01-09 10:55:20+00:00,143.92999999999998,144.04999999999998,12.000000000000455,tp,W1,2024-01
buy,2024-01-10 08:26:10+00:00,2024-01-10 09:51:30+00:00,144.939,144.839,-9.999999999999432,sl,W1,2024-01
buy,2024-01-10 10:01:10+00:00,2024-01-10 10:04:40+00:00,144.939,144.839,-9.999999999999432,sl,W1,2024-01
buy,2024-01-11 08:02:10+00:00,2024-01-11 08:12:40+00:00,145.465,145.365,-9.999999999999432,sl,W1,2024-01
buy,2024-01-11 09:01:10+00:00,2024-01-11 10:32:10+00:00,145.51299999999998,145.41299999999998,-9.999999999999432,sl,W1,2024-01
buy,2024-01-12 08:30:10+00:00,2024-01-12 09:47:00+00:00,144.99099999999999,145.111,12.000000000000455,tp,W1,2024-01
buy,2024-01-12 09:47:10+00:00,2024-01-12 11:40:20+00:00,145.131,145.251,12.000000000000455,tp,W1,2024-01
buy,2024-01-15 08:17:10+00:00,2024-01-15 09:03:10+00:00,145.40599999999998,145.52599999999998,12.000000000000455,tp,W1,2024-01
buy,2024-01-15 09:03:20+00:00,2024-01-15 09:44:00+00:00,145.542,145.662,12.000000000000455,tp,W1,2024-01
buy,2024-01-15 09:45:10+00:00,2024-01-15 11:25:10+00:00,145.71599999999998,145.61599999999999,-9.999999999999432,sl,W1,2024-01
buy,2024-01-16 08:00:10+00:00,2024-01-16 08:18:00+00:00,146.16799999999998,146.06799999999998,-9.999999999999432,sl,W1,2024-01
buy,2024-01-16 08:25:10+00:00,2024-01-16 08:32:30+00:00,146.10999999999999,146.23,12.000000000000455,tp,W1,2024-01
buy,2024-01-16 08:32:40+00:00,2024-01-16 08:37:30+00:00,146.249,146.369,12.000000000000455,tp,W1,2024-01
buy,2024-01-16 08:38:10+00:00,2024-01-16 09:06:20+00:00,146.40099999999998,146.521,12.000000000000455,tp,W1,2024-01
buy,2024-01-16 09:35:10+00:00,2024-01-16 09:48:00+00:00,146.47899999999998,146.599,12.000000000000455,tp,W1,2024-01
buy,2024-01-16 09:48:10+00:00,2024-01-16 09:51:40+00:00,146.63299999999998,146.533,-9.999999999999432,sl,W1,2024-01
buy,2024-01-16 10:01:10+00:00,2024-01-16 10:40:40+00:00,146.588,146.708,12.000000000000455,tp,W1,2024-01
buy,2024-01-16 10:40:50+00:00,2024-01-16 11:00:10+00:00,146.743,146.643,-9.999999999999432,sl,W1,2024-01
buy,2024-01-17 08:08:10+00:00,2024-01-17 08:13:40+00:00,147.838,147.738,-9.999999999999432,sl,W1,2024-01
buy,2024-01-17 08:45:10+00:00,2024-01-17 09:18:20+00:00,147.845,147.745,-9.999999999999432,sl,W1,2024-01
buy,2024-01-18 08:10:10+00:00,2024-01-18 08:31:50+00:00,147.804,147.924,12.000000000000455,tp,W1,2024-01
buy,2024-01-18 08:32:00+00:00,2024-01-18 09:13:20+00:00,147.932,147.832,-9.999999999999432,sl,W1,2024-01
buy,2024-01-18 09:42:10+00:00,2024-01-18 10:31:20+00:00,147.754,147.874,12.000000000000455,tp,W1,2024-01
buy,2024-01-18 10:31:30+00:00,2024-01-18 12:05:00+00:00,147.882,147.782,-9.999999999999432,sl,W1,2024-01
buy,2024-01-19 08:27:10+00:00,2024-01-19 08:47:10+00:00,148.29,148.19,-9.999999999999432,sl,W1,2024-01
buy,2024-01-19 09:22:10+00:00,2024-01-19 10:02:00+00:00,148.03799999999998,147.938,-9.999999999999432,sl,W1,2024-01
buy,2024-01-22 08:00:10+00:00,2024-01-22 08:34:10+00:00,148.07999999999998,148.2,12.000000000000455,tp,W1,2024-01
buy,2024-01-22 08:34:20+00:00,2024-01-22 09:17:10+00:00,148.20399999999998,148.10399999999998,-9.999999999999432,sl,W1,2024-01
buy,2024-01-22 09:26:10+00:00,2024-01-22 10:29:30+00:00,148.134,148.034,-9.999999999999432,sl,W1,2024-01
buy,2024-01-23 08:02:10+00:00,2024-01-23 08:06:20+00:00,147.63799999999998,147.53799999999998,-9.999999999999432,sl,W1,2024-01
buy,2024-01-23 08:26:10+00:00,2024-01-23 08:31:10+00:00,147.474,147.374,-9.999999999999432,sl,W1,2024-01
buy,2024-01-24 08:26:10+00:00,2024-01-24 08:30:10+00:00,147.652,147.552,-9.999999999999432,sl,W1,2024-01
buy,2024-01-24 08:48:10+00:00,2024-01-24 09:18:20+00:00,147.578,147.478,-9.999999999999432,sl,W1,2024-01
buy,2024-01-25 08:00:10+00:00,2024-01-25 08:18:30+00:00,147.68699999999998,147.807,12.000000000000455,tp,W1,2024-01
buy,2024-01-25 08:18:40+00:00,2024-01-25 08:33:30+00:00,147.81799999999998,147.718,-9.999999999999432,sl,W1,2024-01
buy,2024-01-25 08:47:10+00:00,2024-01-25 09:37:00+00:00,147.7,147.6,-9.999999999999432,sl,W1,2024-01
buy,2024-01-26 08:06:10+00:00,2024-01-26 09:06:00+00:00,147.827,147.947,12.000000000000455,tp,W1,2024-01
buy,2024-01-26 09:06:10+00:00,2024-01-26 09:15:10+00:00,147.946,148.066,12.000000000000455,tp,W1,2024-01
buy,2024-01-26 09:16:10+00:00,2024-01-26 09:21:30+00:00,148.078,147.978,-9.999999999999432,sl,W1,2024-01
buy,2024-01-26 09:47:10+00:00,2024-01-26 10:01:00+00:00,147.875,147.775,-9.999999999999432,sl,W1,2024-01
buy,2024-01-29 08:12:10+00:00,2024-01-29 09:38:00+00:00,147.843,147.743,-9.999999999999432,sl,W1,2024-01
buy,2024-01-29 09:45:10+00:00,2024-01-29 11:47:20+00:00,147.785,147.905,12.000000000000455,tp,W1,2024-01
buy,2024-01-30 08:00:10+00:00,2024-01-30 08:05:00+00:00,147.255,147.375,12.000000000000455,tp,W1,2024-01
buy,2024-01-30 08:05:10+00:00,2024-01-30 08:25:20+00:00,147.38799999999998,147.50799999999998,12.000000000000455,tp,W1,2024-01
buy,2024-01-30 08:25:30+00:00,2024-01-30 08:53:00+00:00,147.522,147.422,-9.999999999999432,sl,W1,2024-01
buy,2024-01-30 09:01:10+00:00,2024-01-30 09:04:30+00:00,147.492,147.392,-9.999999999999432,sl,W1,2024-01
buy,2024-01-31 08:19:10+00:00,2024-01-31 08:24:10+00:00,147.647,147.547,-9.999999999999432,sl,W1,2024-01
buy,2024-01-31 08:40:10+00:00,2024-01-31 08:50:40+00:00,147.534,147.434,-9.999999999999432,sl,W1,2024-01
buy,2024-02-01 08:06:10+00:00,2024-02-01 08:07:30+00:00,146.85,146.75,-9.999999999999432,sl,W1,2024-02
buy,2024-02-01 08:33:10+00:00,2024-02-01 08:41:30+00:00,146.726,146.626,-9.999999999999432,sl,W1,2024-02
buy,2024-02-02 08:00:10+00:00,2024-02-02 08:07:10+00:00,146.649,146.549,-9.999999999999432,sl,W1,2024-02
buy,2024-02-02 08:16:10+00:00,2024-02-02 09:02:00+00:00,146.63299999999998,146.753,12.000000000000455,tp,W1,2024-02
buy,2024-02-02 09:02:10+00:00,2024-02-02 10:01:30+00:00,146.76299999999998,146.66299999999998,-9.999999999999432,sl,W1,2024-02
buy,2024-02-02 10:12:10+00:00,2024-02-02 11:00:30+00:00,146.697,146.597,-9.999999999999432,sl,W1,2024-02
buy,2024-02-05 08:01:10+00:00,2024-02-05 08:08:20+00:00,148.527,148.427,-9.999999999999432,sl,W1,2024-02
buy,2024-02-05 08:21:10+00:00,2024-02-05 09:02:20+00:00,148.53099999999998,148.43099999999998,-9.999999999999432,sl,W1,2024-02
buy,2024-02-06 08:04:10+00:00,2024-02-06 09:00:00+00:00,148.54899999999998,148.66899999999998,12.000000000000455,tp,W1,2024-02
buy,2024-02-06 09:00:10+00:00,2024-02-06 09:07:50+00:00,148.694,148.594,-9.999999999999432,sl,W1,2024-02
buy,2024-02-06 09:21:10+00:00,2024-02-06 10:33:50+00:00,148.61599999999999,148.736,12.000000000000455,tp,W1,2024-02
buy,2024-02-06 10:50:10+00:00,2024-02-06 11:50:40+00:00,148.756,148.656,-9.999999999999432,sl,W1,2024-02
buy,2024-02-07 08:13:10+00:00,2024-02-07 08:29:30+00:00,147.884,148.004,12.000000000000455,tp,W1,2024-02
buy,2024-02-07 08:32:10+00:00,2024-02-07 09:31:40+00:00,148.03,147.93,-9.999999999999432,sl,W1,2024-02
buy,2024-02-07 09:40:10+00:00,2024-02-07 10:49:00+00:00,147.97299999999998,148.093,12.000000000000455,tp,W1,2024-02
buy,2024-02-07 10:49:10+00:00,2024-02-07 11:17:10+00:00,148.106,148.006,-9.999999999999432,sl,W1,2024-02
buy,2024-02-08 08:01:10+00:00,2024-02-08 09:03:00+00:00,148.77599999999998,148.676,-9.999999999999432,sl,W1,2024-02
buy,2024-02-08 09:22:10+00:00,2024-02-08 10:31:40+00:00,148.725,148.845,12.000000000000455,tp,W1,2024-02
buy,2024-02-08 10:32:10+00:00,2024-02-08 10:36:40+00:00,148.875,148.995,12.000000000000455,tp,W1,2024-02
buy,2024-02-08 10:44:10+00:00,2024-02-08 10:54:50+00:00,148.96699999999998,149.087,12.000000000000455,tp,W1,2024-02
buy,2024-02-08 10:55:10+00:00,2024-02-08 11:24:20+00:00,149.09799999999998,149.218,12.000000000000455,tp,W1,2024-02
buy,2024-02-09 08:05:10+00:00,2024-02-09 08:18:50+00:00,149.445,149.565,12.000000000000455,tp,W1,2024-02
buy,2024-02-09 08:19:10+00:00,2024-02-09 08:29:50+00:00,149.56,149.46,-9.999999999999432,sl,W1,2024-02
buy,2024-02-09 08:34:10+00:00,2024-02-09 08:53:10+00:00,149.551,149.451,-9.999999999999432,sl,W1,2024-02
buy,2024-02-12 08:00:10+00:00,2024-02-12 08:03:20+00:00,149.131,149.031,-9.999999999999432,sl,W1,2024-02
buy,2024-02-12 08:24:10+00:00,2024-02-12 12:08:00+00:00,149.07899999999998,148.97899999999998,-9.999999999999432,sl,W1,2024-02
buy,2024-02-13 08:02:10+00:00,2024-02-13 10:03:40+00:00,149.63,149.53,-9.999999999999432,sl,W1,2024-02
buy,2024-02-13 10:25:10+00:00,2024-02-13 11:13:10+00:00,149.558,149.458,-9.999999999999432,sl,W1,2024-02
buy,2024-02-14 08:17:10+00:00,2024-02-14 09:59:50+00:00,150.51899999999998,150.63899999999998,12.000000000000455,tp,W1,2024-02
buy,2024-02-14 10:00:00+00:00,2024-02-14 13:05:30+00:00,150.65099999999998,150.551,-9.999999999999432,sl,W1,2024-02
buy,2024-02-15 08:19:10+00:00,2024-02-15 08:57:10+00:00,150.10999999999999,150.01,-9.999999999999432,sl,W1,2024-02
buy,2024-02-15 09:10:10+00:00,2024-02-15 09:40:30+00:00,150.054,149.954,-9.999999999999432,sl,W1,2024-02
buy,2024-02-16 08:04:10+00:00,2024-02-16 08:27:20+00:00,150.302,150.202,-9.999999999999432,sl,W1,2024-02
buy,2024-02-16 08:33:10+00:00,2024-02-16 11:38:40+00:00,150.251,150.151,-9.999999999999432,sl,W1,2024-02
buy,2024-02-19 08:32:10+00:00,2024-02-19 15:12:50+00:00,149.963,150.083,12.000000000000455,tp,W1,2024-02
buy,2024-02-20 08:11:10+00:00,2024-02-20 08:51:20+00:00,150.39399999999998,150.29399999999998,-9.999999999999432,sl,W1,2024-02
buy,2024-02-20 09:14:10+00:00,2024-02-20 10:16:50+00:00,150.332,150.232,-9.999999999999432,sl,W1,2024-02
buy,2024-02-21 08:00:10+00:00,2024-02-21 09:21:10+00:00,150.16,150.06,-9.999999999999432,sl,W1,2024-02
buy,2024-02-21 09:48:10+00:00,2024-02-21 10:46:40+00:00,150.09699999999998,149.99699999999999,-9.999999999999432,sl,W1,2024-02
buy,2024-02-22 08:00:10+00:00,2024-02-22 08:11:40+00:00,150.15099999999998,150.051,-9.999999999999432,sl,W1,2024-02
buy,2024-02-22 08:19:10+00:00,2024-02-22 08:38:40+00:00,150.105,150.225,12.000000000000455,tp,W1,2024-02
buy,2024-02-22 08:38:50+00:00,2024-02-22 09:45:30+00:00,150.243,150.143,-9.999999999999432,sl,W1,2024-02
buy,2024-02-22 10:00:10+00:00,2024-02-22 12:33:50+00:00,150.197,150.317,12.000000000000455,tp,W1,2024-02
buy,2024-02-23 08:11:10+00:00,2024-02-23 09:11:50+00:00,150.60999999999999,150.73,12.000000000000455,tp,W1,2024-02
buy,2024-02-23 09:12:00+00:00,2024-02-23 12:00:50+00:00,150.739,150.639,-9.999999999999432,sl,W1,2024-02
buy,2024-02-26 08:01:10+00:00,2024-02-26 09:14:40+00:00,150.49599999999998,150.61599999999999,12.000000000000455,tp,W1,2024-02
buy,2024-02-26 09:15:10+00:00,2024-02-26 12:19:20+00:00,150.62699999999998,150.527,-9.999999999999432,sl,W1,2024-02
buy,2024-02-27 08:57:10+00:00,2024-02-27 11:05:50+00:00,150.212,150.332,12.000000000000455,tp,W1,2024-02
buy,2024-02-28 08:01:10+00:00,2024-02-28 10:54:00+00:00,150.759,150.659,-9.999999999999432,sl,W1,2024-02
buy,2024-02-29 08:06:10+00:00,2024-02-29 08:17:10+00:00,149.742,149.642,-9.999999999999432,sl,W1,2024-02
buy,2024-02-29 08:25:10+00:00,2024-02-29 08:30:30+00:00,149.678,149.798,12.000000000000455,tp,W1,2024-02
buy,2024-02-29 08:31:10+00:00,2024-02-29 08:53:40+00:00,149.83499999999998,149.73499999999999,-9.999999999999432,sl,W1,2024-02
buy,2024-02-29 09:03:10+00:00,2024-02-29 09:48:10+00:00,149.76,149.88,12.000000000000455,tp,W1,2024-02
buy,2024-02-29 09:49:10+00:00,2024-02-29 09:55:10+00:00,149.89999999999998,149.79999999999998,-9.999999999999432,sl,W1,2024-02
buy,2024-02-29 10:03:10+00:00,2024-02-29 10:29:10+00:00,149.832,149.952,12.000000000000455,tp,W1,2024-02
buy,2024-02-29 10:29:20+00:00,2024-02-29 10:51:10+00:00,149.95999999999998,150.07999999999998,12.000000000000455,tp,W1,2024-02
buy,2024-02-29 10:51:20+00:00,2024-02-29 11:25:40+00:00,150.093,149.993,-9.999999999999432,sl,W1,2024-02
buy,2024-03-01 08:00:10+00:00,2024-03-01 08:33:10+00:00,150.505,150.625,12.000000000000455,tp,W1,2024-03
buy,2024-03-01 08:33:20+00:00,2024-03-01 09:06:50+00:00,150.64,150.54,-9.999999999999432,sl,W1,2024-03
buy,2024-03-01 09:44:10+00:00,2024-03-01 10:17:20+00:00,150.534,150.434,-9.999999999999432,sl,W1,2024-03
buy,2024-03-04 08:05:10+00:00,2024-03-04 08:14:40+00:00,150.363,150.263,-9.999999999999432,sl,W1,2024-03
buy,2024-03-04 08:36:10+00:00,2024-03-04 08:48:00+00:00,150.238,150.358,12.000000000000455,tp,W1,2024-03
buy,2024-03-04 08:48:10+00:00,2024-03-04 09:34:30+00:00,150.374,150.274,-9.999999999999432,sl,W1,2024-03
buy,2024-03-04 09:56:10+00:00,2024-03-04 10:29:10+00:00,150.24599999999998,150.36599999999999,12.000000000000455,tp,W1,2024-03
buy,2024-03-04 10:29:20+00:00,2024-03-04 13:10:40+00:00,150.37699999999998,150.49699999999999,12.000000000000455,tp,W1,2024-03
buy,2024-03-05 08:14:10+00:00,2024-03-05 13:07:10+00:00,150.40099999999998,150.301,-9.999999999999432,sl,W1,2024-03
buy,2024-03-06 08:01:10+00:00,2024-03-06 08:34:20+00:00,149.605,149.725,12.000000000000455,tp,W1,2024-03
buy,2024-03-06 08:35:10+00:00,2024-03-06 08:52:10+00:00,149.797,149.697,-9.999999999999432,sl,W1,2024-03
buy,2024-03-06 08:59:10+00:00,2024-03-06 09:51:50+00:00,149.765,149.665,-9.999999999999432,sl,W1,2024-03
buy,2024-03-07 08:05:10+00:00,2024-03-07 08:24:50+00:00,148.042,147.942,-9.999999999999432,sl,W1,2024-03
buy,2024-03-07 08:48:10+00:00,2024-03-07 09:37:10+00:00,147.93099999999998,148.051,12.000000000000455,tp,W1,2024-03
buy,2024-03-07 09:38:10+00:00,2024-03-07 09:59:50+00:00,148.082,147.982,-9.999999999999432,sl,W1,2024-03
buy,2024-03-07 10:10:10+00:00,2024-03-07 10:17:50+00:00,147.98399999999998,147.884,-9.999999999999432,sl,W1,2024-03
buy,2024-03-08 08:23:10+00:00,2024-03-08 08:30:00+00:00,147.96099999999998,147.861,-9.999999999999432,sl,W1,2024-03
buy,2024-03-08 08:55:10+00:00,2024-03-08 09:03:10+00:00,147.876,147.776,-9.999999999999432,sl,W1,2024-03
buy,2024-03-11 08:11:10+00:00,2024-03-11 08:53:30+00:00,146.767,146.667,-9.999999999999432,sl,W1,2024-03
buy,2024-03-11 09:20:10+00:00,2024-03-11 09:46:10+00:00,146.702,146.602,-9.999999999999432,sl,W1,2024-03
buy,2024-03-12 08:00:10+00:00,2024-03-12 08:05:00+00:00,147.351,147.471,12.000000000000455,tp,W1,2024-03
buy,2024-03-12 08:05:10+00:00,2024-03-12 08:22:30+00:00,147.489,147.389,-9.999999999999432,sl,W1,2024-03
buy,2024-03-12 08:43:10+00:00,2024-03-12 10:02:30+00:00,147.378,147.498,12.000000000000455,tp,W1,2024-03
buy,2024-03-12 10:02:40+00:00,2024-03-12 10:37:10+00:00,147.505,147.405,-9.999999999999432,sl,W1,2024-03
buy,2024-03-12 10:46:10+00:00,2024-03-12 10:54:50+00:00,147.429,147.329,-9.999999999999432,sl,W1,2024-03
buy,2024-03-13 08:13:10+00:00,2024-03-13 08:56:50+00:00,147.767,147.887,12.000000000000455,tp,W1,2024-03
buy,2024-03-13 08:57:10+00:00,2024-03-13 09:15:00+00:00,147.893,147.793,-9.999999999999432,sl,W1,2024-03
buy,2024-03-13 09:25:10+00:00,2024-03-13 09:35:10+00:00,147.863,147.983,12.000000000000455,tp,W1,2024-03
buy,2024-03-13 09:36:10+00:00,2024-03-13 10:48:00+00:00,148.005,147.905,-9.999999999999432,sl,W1,2024-03
buy,2024-03-14 08:29:10+00:00,2024-03-14 11:01:30+00:00,147.827,147.727,-9.999999999999432,sl,W1,2024-03
buy,2024-03-15 08:02:10+00:00,2024-03-15 08:17:00+00:00,148.636,148.756,12.000000000000455,tp,W1,2024-03
buy,2024-03-15 08:17:10+00:00,2024-03-15 08:22:40+00:00,148.766,148.666,-9.999999999999432,sl,W1,2024-03
buy,2024-03-15 08:33:10+00:00,2024-03-15 09:01:00+00:00,148.78,148.68,-9.999999999999432,sl,W1,2024-03
buy,2024-03-18 08:40:10+00:00,2024-03-18 09:24:30+00:00,149.09799999999998,149.218,12.000000000000455,tp,W1,2024-03
buy,2024-03-18 09:37:10+00:00,2024-03-18 10:24:50+00:00,149.244,149.144,-9.999999999999432,sl,W1,2024-03
buy,2024-03-18 10:38:10+00:00,2024-03-18 11:11:00+00:00,149.159,149.059,-9.999999999999432,sl,W1,2024-03
buy,2024-03-19 08:00:10+00:00,2024-03-19 08:03:40+00:00,150.308,150.208,-9.999999999999432,sl,W1,2024-03
buy,2024-03-19 08:13:10+00:00,2024-03-19 08:45:10+00:00,150.387,150.287,-9.999999999999432,sl_both,W1,2024-03
buy,2024-03-20 08:09:10+00:00,2024-03-20 09:20:10+00:00,151.51399999999998,151.634,12.000000000000455,tp,W1,2024-03
buy,2024-03-20 09:20:20+00:00,2024-03-20 09:51:00+00:00,151.643,151.763,12.000000000000455,tp,W1,2024-03
buy,2024-03-20 10:06:10+00:00,2024-03-20 15:02:30+00:00,151.70999999999998,151.60999999999999,-9.999999999999432,sl,W1,2024-03
buy,2024-03-21 08:00:10+00:00,2024-03-21 08:21:50+00:00,151.237,151.137,-9.999999999999432,sl,W1,2024-03
buy,2024-03-21 08:26:10+00:00,2024-03-21 08:41:30+00:00,151.227,151.347,12.000000000000455,tp,W1,2024-03
buy,2024-03-21 08:42:10+00:00,2024-03-21 08:48:10+00:00,151.382,151.282,-9.999999999999432,sl,W1,2024-03
buy,2024-03-21 09:29:10+00:00,2024-03-21 09:45:20+00:00,151.16299999999998,151.063,-9.999999999999432,sl,W1,2024-03
buy,2024-03-22 08:02:10+00:00,2024-03-22 08:13:00+00:00,151.464,151.364,-9.999999999999432,sl,W1,2024-03
buy,2024-03-22 08:20:10+00:00,2024-03-22 09:33:00+00:00,151.432,151.552,12.000000000000455,tp,W1,2024-03
buy,2024-03-22 09:37:10+00:00,2024-03-22 11:55:30+00:00,151.57399999999998,151.474,-9.999999999999432,sl,W1,2024-03
buy,2024-03-25 08:17:10+00:00,2024-03-25 09:16:20+00:00,151.30499999999998,151.42499999999998,12.000000000000455,tp,W1,2024-03
buy,2024-03-25 09:53:10+00:00,2024-03-25 10:16:30+00:00,151.41,151.31,-9.999999999999432,sl,W1,2024-03
buy,2024-03-25 10:28:10+00:00,2024-03-25 12:31:10+00:00,151.316,151.216,-9.999999999999432,sl,W1,2024-03
buy,2024-03-26 08:02:10+00:00,2024-03-26 08:30:10+00:00,151.352,151.252,-9.999999999999432,sl,W1,2024-03
buy,2024-03-26 08:35:10+00:00,2024-03-26 09:19:20+00:00,151.31,151.21,-9.999999999999432,sl,W1,2024-03
buy,2024-03-27 08:11:10+00:00,2024-03-27 08:43:50+00:00,151.70999999999998,151.82999999999998,12.000000000000455,tp,W1,2024-03
buy,2024-03-27 08:44:10+00:00,2024-03-27 09:01:00+00:00,151.83499999999998,151.73499999999999,-9.999999999999432,sl,W1,2024-03
buy,2024-03-27 09:31:10+00:00,2024-03-27 09:41:00+00:00,151.221,151.341,12.000000000000455,tp,W1,2024-03
buy,2024-03-27 09:42:10+00:00,2024-03-27 09:43:10+00:00,151.391,151.291,-9.999999999999432,sl,W1,2024-03
buy,2024-03-27 10:16:10+00:00,2024-03-27 10:20:00+00:00,151.28,151.18,-9.999999999999432,sl,W1,2024-03
buy,2024-03-28 08:41:10+00:00,2024-03-28 12:16:40+00:00,151.38899999999998,151.289,-9.999999999999432,sl,W1,2024-03
buy,2024-03-29 08:18:10+00:00,2024-03-29 12:40:00+00:00,151.358,151.258,-9.999999999999432,sl,W1,2024-03
buy,2024-04-01 08:58:10+00:00,2024-04-01 12:16:10+00:00,151.35999999999999,151.48,12.000000000000455,tp,W1,2024-04
buy,2024-04-02 08:22:10+00:00,2024-04-02 14:00:40+00:00,151.611,151.511,-9.999999999999432,sl,W1,2024-04
buy,2024-04-03 08:06:10+00:00,2024-04-03 12:15:00+00:00,151.714,151.834,12.000000000000455,tp,W1,2024-04
buy,2024-04-04 08:02:10+00:00,2024-04-04 11:00:00+00:00,151.719,151.619,-9.999999999999432,sl,W1,2024-04
buy,2024-04-05 08:01:10+00:00,2024-04-05 12:30:00+00:00,151.36599999999999,151.486,12.000000000000455,tp,W1,2024-04
buy,2024-04-08 08:11:10+00:00,2024-04-08 13:40:30+00:00,151.88,151.78,-9.999999999999432,sl,W1,2024-04
buy,2024-04-09 08:53:20+00:00,2024-04-09 09:27:40+00:00,151.88299999999998,151.783,-9.999999999999432,sl,W1,2024-04
buy,2024-04-09 09:52:10+00:00,2024-04-09 13:34:50+00:00,151.808,151.708,-9.999999999999432,sl,W1,2024-04
buy,2024-04-10 08:00:10+00:00,2024-04-10 12:30:00+00:00,151.85,151.97,12.000000000000455,tp,W1,2024-04
buy,2024-04-11 08:06:10+00:00,2024-04-11 08:50:20+00:00,153.159,153.279,12.000000000000455,tp,W1,2024-04
buy,2024-04-11 08:51:10+00:00,2024-04-11 09:32:10+00:00,153.28699999999998,153.18699999999998,-9.999999999999432,sl,W1,2024-04
buy,2024-04-11 10:16:10+00:00,2024-04-11 10:51:30+00:00,153.161,153.061,-9.999999999999432,sl,W1,2024-04
buy,2024-04-12 08:12:10+00:00,2024-04-12 12:13:50+00:00,153.239,153.139,-9.999999999999432,sl,W1,2024-04
buy,2024-04-15 08:04:10+00:00,2024-04-15 08:11:40+00:00,153.94299999999998,153.843,-9.999999999999432,sl,W1,2024-04
buy,2024-04-15 08:23:10+00:00,2024-04-15 12:29:10+00:00,153.855,153.975,12.000000000000455,tp,W1,2024-04
buy,2024-04-16 08:02:10+00:00,2024-04-16 08:31:40+00:00,154.42999999999998,154.54999999999998,12.000000000000455,tp,W1,2024-04
buy,2024-04-16 08:31:50+00:00,2024-04-16 11:11:20+00:00,154.547,154.667,12.000000000000455,tp,W1,2024-04
buy,2024-04-17 08:07:10+00:00,2024-04-17 08:23:40+00:00,154.642,154.542,-9.999999999999432,sl,W1,2024-04
buy,2024-04-17 08:49:10+00:00,2024-04-17 11:00:00+00:00,154.516,154.636,12.000000000000455,tp,W1,2024-04
buy,2024-04-18 08:00:10+00:00,2024-04-18 09:24:10+00:00,154.29,154.41,12.000000000000455,tp,W1,2024-04
buy,2024-04-18 09:24:20+00:00,2024-04-18 11:56:20+00:00,154.426,154.326,-9.999999999999432,sl,W1,2024-04
buy,2024-04-19 08:18:10+00:00,2024-04-19 10:06:50+00:00,154.426,154.546,12.000000000000455,tp,W1,2024-04
buy,2024-04-19 10:07:10+00:00,2024-04-21 21:28:00+00:00,154.552,154.452,-9.999999999999432,sl,W1,2024-04
buy,2024-04-22 08:15:10+00:00,2024-04-22 16:21:20+00:00,154.68099999999998,154.801,12.000000000000455,tp,W1,2024-04
buy,2024-04-23 08:13:10+00:00,2024-04-23 13:45:00+00:00,154.851,154.751,-9.999999999999432,sl,W1,2024-04
buy,2024-04-24 08:11:10+00:00,2024-04-24 12:12:40+00:00,154.929,155.049,12.000000000000455,tp,W1,2024-04
buy,2024-04-25 08:06:10+00:00,2024-04-25 10:41:50+00:00,155.653,155.553,-9.999999999999432,sl,W1,2024-04
buy,2024-04-26 08:27:10+00:00,2024-04-26 08:30:10+00:00,156.481,156.381,-9.999999999999432,sl,W1,2024-04
buy,2024-04-26 08:38:10+00:00,2024-04-26 09:41:10+00:00,156.54299999999998,156.66299999999998,12.000000000000455,tp,W1,2024-04
buy,2024-04-26 09:42:10+00:00,2024-04-26 10:26:40+00:00,156.66899999999998,156.789,12.000000000000455,tp,W1,2024-04
buy,2024-04-26 10:35:10+00:00,2024-04-26 11:16:30+00:00,156.795,156.695,-9.999999999999432,sl,W1,2024-04
buy,2024-04-29 08:13:10+00:00,2024-04-29 08:18:00+00:00,155.74599999999998,155.86599999999999,12.000000000000455,tp,W1,2024-04
buy,2024-04-29 08:25:10+00:00,2024-04-29 08:32:10+00:00,155.902,155.802,-9.999999999999432,sl,W1,2024-04
buy,2024-04-29 08:48:10+00:00,2024-04-29 08:49:50+00:00,155.904,155.804,-9.999999999999432,sl,W1,2024-04
buy,2024-04-30 08:07:10+00:00,2024-04-30 12:02:00+00:00,156.916,157.036,12.000000000000455,tp,W1,2024-04
buy,2024-05-01 08:06:10+00:00,2024-05-01 12:25:20+00:00,157.921,157.821,-9.999999999999432,sl,W1,2024-05
buy,2024-05-02 08:06:10+00:00,2024-05-02 08:15:50+00:00,155.54399999999998,155.444,-9.999999999999432,sl,W1,2024-05
buy,2024-05-02 08:29:10+00:00,2024-05-02 08:34:10+00:00,155.44799999999998,155.34799999999998,-9.999999999999432,sl,W1,2024-05
buy,2024-05-03 08:25:10+00:00,2024-05-03 08:30:30+00:00,153.31199999999998,153.212,-9.999999999999432,sl,W1,2024-05
buy,2024-05-03 09:46:10+00:00,2024-05-03 11:05:50+00:00,153.03799999999998,153.158,12.000000000000455,tp,W1,2024-05
buy,2024-05-06 08:03:10+00:00,2024-05-06 08:31:00+00:00,153.849,153.749,-9.999999999999432,sl,W1,2024-05
buy,2024-05-06 09:05:10+00:00,2024-05-06 12:20:10+00:00,153.753,153.653,-9.999999999999432,sl,W1,2024-05
buy,2024-05-07 08:11:10+00:00,2024-05-07 08:28:30+00:00,154.087,154.207,12.000000000000455,tp,W1,2024-05
buy,2024-05-07 08:28:40+00:00,2024-05-07 08:51:40+00:00,154.224,154.344,12.000000000000455,tp,W1,2024-05
buy,2024-05-07 08:51:50+00:00,2024-05-07 09:03:50+00:00,154.34799999999998,154.468,12.000000000000455,tp,W1,2024-05
buy,2024-05-07 09:04:10+00:00,2024-05-07 09:46:00+00:00,154.48499999999999,154.605,12.000000000000455,tp,W1,2024-05
buy,2024-05-07 09:46:10+00:00,2024-05-07 10:49:30+00:00,154.60999999999999,154.51,-9.999999999999432,sl,W1,2024-05
buy,2024-05-08 08:14:10+00:00,2024-05-08 08:35:50+00:00,155.38299999999998,155.283,-9.999999999999432,sl,W1,2024-05
buy,2024-05-08 08:46:10+00:00,2024-05-08 09:37:30+00:00,155.41899999999998,155.319,-9.999999999999432,sl,W1,2024-05
buy,2024-05-09 08:00:10+00:00,2024-05-09 12:30:00+00:00,155.84699999999998,155.74699999999999,-9.999999999999432,sl,W1,2024-05
buy,2024-05-10 08:01:10+00:00,2024-05-10 12:40:00+00:00,155.71099999999998,155.831,12.000000000000455,tp,W1,2024-05
buy,2024-05-13 08:14:10+00:00,2024-05-13 12:18:40+00:00,155.898,155.798,-9.999999999999432,sl,W1,2024-05
buy,2024-05-14 08:05:30+00:00,2024-05-14 09:19:40+00:00,156.49099999999999,156.391,-9.999999999999432,sl,W1,2024-05
buy,2024-05-14 09:44:10+00:00,2024-05-14 12:30:00+00:00,156.357,156.477,12.000000000000455,tp,W1,2024-05
buy,2024-05-15 08:08:10+00:00,2024-05-15 08:15:30+00:00,156.128,156.028,-9.999999999999432,sl,W1,2024-05
buy,2024-05-15 09:16:10+00:00,2024-05-15 09:56:30+00:00,155.71099999999998,155.831,12.000000000000455,tp,W1,2024-05
buy,2024-05-15 09:56:40+00:00,2024-05-15 10:52:40+00:00,155.84099999999998,155.74099999999999,-9.999999999999432,sl,W1,2024-05
buy,2024-05-16 08:08:20+00:00,2024-05-16 08:16:40+00:00,154.468,154.588,12.000000000000455,tp,W1,2024-05
buy,2024-05-16 08:16:50+00:00,2024-05-16 08:25:00+00:00,154.59799999999998,154.718,12.000000000000455,tp,W1,2024-05
buy,2024-05-16 08:25:10+00:00,2024-05-16 08:45:00+00:00,154.736,154.636,-9.999999999999432,sl,W1,2024-05
buy,2024-05-16 08:59:10+00:00,2024-05-16 09:45:40+00:00,154.736,154.636,-9.999999999999432,sl,W1,2024-05
buy,2024-05-17 08:02:10+00:00,2024-05-17 08:38:00+00:00,155.85,155.97,12.000000000000455,tp,W1,2024-05
buy,2024-05-17 08:38:10+00:00,2024-05-17 08:52:40+00:00,155.982,155.882,-9.999999999999432,sl,W1,2024-05
buy,2024-05-17 09:39:10+00:00,2024-05-17 09:43:20+00:00,155.898,155.798,-9.999999999999432,sl,W1,2024-05
buy,2024-05-20 08:11:10+00:00,2024-05-20 09:21:20+00:00,155.743,155.643,-9.999999999999432,sl,W1,2024-05
buy,2024-05-20 09:29:10+00:00,2024-05-20 12:03:30+00:00,155.673,155.793,12.000000000000455,tp,W1,2024-05
buy,2024-05-21 08:27:10+00:00,2024-05-21 09:23:00+00:00,156.19299999999998,156.093,-9.999999999999432,sl,W1,2024-05
buy,2024-05-21 09:30:10+00:00,2024-05-21 11:21:00+00:00,156.161,156.281,12.000000000000455,tp,W1,2024-05
buy,2024-05-22 08:26:10+00:00,2024-05-22 11:39:10+00:00,156.44199999999998,156.56199999999998,12.000000000000455,tp,W1,2024-05
buy,2024-05-23 08:07:20+00:00,2024-05-23 09:55:00+00:00,156.78099999999998,156.68099999999998,-9.999999999999432,sl,W1,2024-05
buy,2024-05-23 10:20:10+00:00,2024-05-23 11:57:30+00:00,156.683,156.583,-9.999999999999432,sl,W1,2024-05
buy,2024-05-24 08:14:10+00:00,2024-05-24 09:16:30+00:00,157.069,156.969,-9.999999999999432,sl,W1,2024-05
buy,2024-05-24 09:36:10+00:00,2024-05-24 12:30:00+00:00,157.004,157.124,12.000000000000455,tp,W1,2024-05
buy,2024-05-27 08:09:10+00:00,2024-05-27 11:03:50+00:00,156.939,156.839,-9.999999999999432,sl,W1,2024-05
buy,2024-05-28 08:10:20+00:00,2024-05-28 11:10:30+00:00,156.89999999999998,156.79999999999998,-9.999999999999432,sl,W1,2024-05
buy,2024-05-29 08:07:10+00:00,2024-05-29 08:50:30+00:00,157.17,157.07,-9.999999999999432,sl,W1,2024-05
buy,2024-05-29 09:01:10+00:00,2024-05-29 10:10:40+00:00,157.11599999999999,157.236,12.000000000000455,tp,W1,2024-05
buy,2024-05-29 10:12:10+00:00,2024-05-29 12:37:00+00:00,157.26,157.16,-9.999999999999432,sl,W1,2024-05
buy,2024-05-30 08:06:10+00:00,2024-05-30 08:42:20+00:00,157.071,156.971,-9.999999999999432,sl,W1,2024-05
buy,2024-05-30 09:55:10+00:00,2024-05-30 10:09:30+00:00,156.91899999999998,157.039,12.000000000000455,tp,W1,2024-05
buy,2024-05-30 10:09:40+00:00,2024-05-30 10:35:30+00:00,157.05499999999998,156.95499999999998,-9.999999999999432,sl,W1,2024-05
buy,2024-05-30 10:48:10+00:00,2024-05-30 11:01:00+00:00,156.999,156.899,-9.999999999999432,sl,W1,2024-05
buy,2024-05-31 08:05:10+00:00,2024-05-31 08:07:10+00:00,157.191,157.091,-9.999999999999432,sl,W1,2024-05
buy,2024-05-31 08:14:10+00:00,2024-05-31 08:57:20+00:00,157.17999999999998,157.29999999999998,12.000000000000455,tp,W1,2024-05
buy,2024-05-31 08:57:30+00:00,2024-05-31 11:02:50+00:00,157.31099999999998,157.21099999999998,-9.999999999999432,sl,W1,2024-05
buy,2024-06-03 08:12:10+00:00,2024-06-03 08:40:00+00:00,157.137,157.037,-9.999999999999432,sl,W1,2024-06
buy,2024-06-03 09:00:10+00:00,2024-06-03 10:09:50+00:00,157.083,156.983,-9.999999999999432,sl,W1,2024-06
buy,2024-06-04 08:16:10+00:00,2024-06-04 08:35:30+00:00,155.38899999999998,155.289,-9.999999999999432,sl,W1,2024-06
buy,2024-06-04 08:57:10+00:00,2024-06-04 09:04:10+00:00,155.344,155.244,-9.999999999999432,sl,W1,2024-06
buy,2024-06-05 08:16:10+00:00,2024-06-05 08:54:30+00:00,156.148,156.268,12.000000000000455,tp,W1,2024-06
buy,2024-06-05 08:55:10+00:00,2024-06-05 09:15:20+00:00,156.296,156.196,-9.999999999999432,sl,W1,2024-06
buy,2024-06-05 09:26:10+00:00,2024-06-05 09:41:00+00:00,156.226,156.126,-9.999999999999432,sl,W1,2024-06
buy,2024-06-06 08:03:10+00:00,2024-06-06 08:43:00+00:00,156.349,156.249,-9.999999999999432,sl,W1,2024-06
buy,2024-06-06 09:02:10+00:00,2024-06-06 09:11:30+00:00,156.191,156.091,-9.999999999999432,sl,W1,2024-06
buy,2024-06-07 08:00:10+00:00,2024-06-07 08:22:40+00:00,155.447,155.347,-9.999999999999432,sl,W1,2024-06
buy,2024-06-07 08:34:10+00:00,2024-06-07 08:52:30+00:00,155.433,155.333,-9.999999999999432,sl,W1,2024-06
buy,2024-06-10 08:19:10+00:00,2024-06-10 09:07:00+00:00,156.95,156.85,-9.999999999999432,sl,W1,2024-06
buy,2024-06-10 09:48:10+00:00,2024-06-10 10:06:10+00:00,156.89999999999998,156.79999999999998,-9.999999999999432,sl,W1,2024-06
buy,2024-06-11 08:13:10+00:00,2024-06-11 08:58:00+00:00,157.338,157.238,-9.999999999999432,sl,W1,2024-06
buy,2024-06-11 09:11:10+00:00,2024-06-11 10:06:50+00:00,157.283,157.183,-9.999999999999432,sl,W1,2024-06
buy,2024-06-12 08:04:10+00:00,2024-06-12 12:29:00+00:00,157.29999999999998,157.2,-9.999999999999432,sl,W1,2024-06
buy,2024-06-13 08:06:10+00:00,2024-06-13 08:24:10+00:00,157.302,157.202,-9.999999999999432,sl,W1,2024-06
buy,2024-06-13 08:30:10+00:00,2024-06-13 09:36:10+00:00,157.26999999999998,157.17,-9.999999999999432,sl,W1,2024-06
buy,2024-06-14 08:16:10+00:00,2024-06-14 08:33:20+00:00,157.563,157.683,12.000000000000455,tp,W1,2024-06
buy,2024-06-14 08:35:10+00:00,2024-06-14 08:39:40+00:00,157.703,157.603,-9.999999999999432,sl,W1,2024-06
buy,2024-06-14 08:51:10+00:00,2024-06-14 08:58:10+00:00,157.572,157.472,-9.999999999999432,sl,W1,2024-06
buy,2024-06-17 08:09:10+00:00,2024-06-17 11:33:50+00:00,157.60999999999999,157.73,12.000000000000455,tp,W1,2024-06
buy,2024-06-18 08:00:10+00:00,2024-06-18 09:10:30+00:00,158.149,158.049,-9.999999999999432,sl,W1,2024-06
buy,2024-06-18 09:23:10+00:00,2024-06-18 12:30:00+00:00,158.06,157.96,-9.999999999999432,sl,W1,2024-06
buy,2024-06-19 08:13:10+00:00,2024-06-19 10:06:20+00:00,157.773,157.893,12.000000000000455,tp,W1,2024-06
buy,2024-06-19 10:06:30+00:00,2024-06-19 19:00:40+00:00,157.903,158.023,12.000000000000455,tp,W1,2024-06
buy,2024-06-20 08:01:10+00:00,2024-06-20 08:15:50+00:00,158.29,158.41,12.000000000000455,tp,W1,2024-06
buy,2024-06-20 08:17:10+00:00,2024-06-20 08:23:00+00:00,158.438,158.338,-9.999999999999432,sl,W1,2024-06
buy,2024-06-20 08:43:10+00:00,2024-06-20 12:29:50+00:00,158.41,158.31,-9.999999999999432,sl,W1,2024-06
buy,2024-06-21 08:08:10+00:00,2024-06-21 08:26:00+00:00,158.80499999999998,158.70499999999998,-9.999999999999432,sl,W1,2024-06
buy,2024-06-21 08:40:10+00:00,2024-06-21 10:02:30+00:00,158.789,158.909,12.000000000000455,tp,W1,2024-06
buy,2024-06-21 10:09:10+00:00,2024-06-21 13:45:00+00:00,158.94199999999998,159.06199999999998,12.000000000000455,tp,W1,2024-06
buy,2024-06-24 08:09:10+00:00,2024-06-24 09:23:20+00:00,159.72799999999998,159.628,-9.999999999999432,sl,W1,2024-06
buy,2024-06-24 09:33:10+00:00,2024-06-24 10:05:00+00:00,159.67399999999998,159.57399999999998,-9.999999999999432,sl,W1,2024-06
buy,2024-06-25 08:01:10+00:00,2024-06-25 10:00:10+00:00,159.51,159.41,-9.999999999999432,sl,W1,2024-06
buy,2024-06-25 10:16:10+00:00,2024-06-25 12:16:50+00:00,159.36499999999998,159.48499999999999,12.000000000000455,tp,W1,2024-06
buy,2024-06-26 08:19:10+00:00,2024-06-26 09:35:10+00:00,159.903,160.023,12.000000000000455,tp,W1,2024-06
buy,2024-06-26 09:55:10+00:00,2024-06-26 10:12:10+00:00,159.992,160.112,12.000000000000455,tp,W1,2024-06
buy,2024-06-26 10:12:20+00:00,2024-06-26 10:54:20+00:00,160.137,160.257,12.000000000000455,tp,W1,2024-06
buy,2024-06-26 10:55:10+00:00,2024-06-26 13:05:00+00:00,160.292,160.192,-9.999999999999432,sl,W1,2024-06
buy,2024-06-27 08:05:10+00:00,2024-06-27 09:57:10+00:00,160.57899999999998,160.47899999999998,-9.999999999999432,sl,W1,2024-06
buy,2024-06-27 10:21:10+00:00,2024-06-27 12:30:00+00:00,160.446,160.346,-9.999999999999432,sl,W1,2024-06
buy,2024-06-28 08:27:10+00:00,2024-06-28 09:09:00+00:00,160.923,160.823,-9.999999999999432,sl,W1,2024-06
buy,2024-06-28 09:53:10+00:00,2024-06-28 10:27:00+00:00,160.72299999999998,160.623,-9.999999999999432,sl,W1,2024-06
buy,2024-07-01 08:00:10+00:00,2024-07-01 12:15:30+00:00,161.03699999999998,161.15699999999998,12.000000000000455,tp,W1,2024-07
buy,2024-07-02 08:14:10+00:00,2024-07-02 08:49:50+00:00,161.67499999999998,161.575,-9.999999999999432,sl,W1,2024-07
buy,2024-07-02 08:58:10+00:00,2024-07-02 12:39:20+00:00,161.601,161.501,-9.999999999999432,sl,W1,2024-07
buy,2024-07-03 08:02:10+00:00,2024-07-03 10:27:00+00:00,161.80499999999998,161.92499999999998,12.000000000000455,tp,W1,2024-07
buy,2024-07-03 10:27:10+00:00,2024-07-03 12:30:00+00:00,161.94199999999998,161.84199999999998,-9.999999999999432,sl,W1,2024-07
buy,2024-07-04 08:19:10+00:00,2024-07-04 10:24:30+00:00,161.251,161.151,-9.999999999999432,sl,W1,2024-07
buy,2024-07-04 10:52:10+00:00,2024-07-04 11:02:10+00:00,161.126,161.026,-9.999999999999432,sl,W1,2024-07
buy,2024-07-05 08:19:10+00:00,2024-07-05 08:34:40+00:00,160.814,160.714,-9.999999999999432,sl,W1,2024-07
buy,2024-07-05 08:45:10+00:00,2024-07-05 09:18:20+00:00,160.737,160.637,-9.999999999999432,sl,W1,2024-07
buy,2024-07-08 08:10:10+00:00,2024-07-08 08:52:00+00:00,160.922,161.042,12.000000000000455,tp,W1,2024-07
buy,2024-07-08 08:52:10+00:00,2024-07-08 10:12:40+00:00,161.04999999999998,160.95,-9.999999999999432,sl,W1,2024-07
buy,2024-07-08 10:37:10+00:00,2024-07-08 11:07:00+00:00,160.97,160.87,-9.999999999999432,sl,W1,2024-07
buy,2024-07-09 08:17:10+00:00,2024-07-09 08:48:00+00:00,160.93599999999998,161.05599999999998,12.000000000000455,tp,W1,2024-07
buy,2024-07-09 08:48:10+00:00,2024-07-09 10:33:10+00:00,161.064,160.964,-9.999999999999432,sl,W1,2024-07
buy,2024-07-09 10:47:10+00:00,2024-07-09 11:09:20+00:00,160.99699999999999,161.117,12.000000000000455,tp,W1,2024-07
buy,2024-07-10 08:17:10+00:00,2024-07-10 14:01:30+00:00,161.506,161.626,12.000000000000455,tp,W1,2024-07
buy,2024-07-11 08:28:10+00:00,2024-07-11 08:54:10+00:00,161.605,161.505,-9.999999999999432,sl,W1,2024-07
buy,2024-07-11 08:57:10+00:00,2024-07-11 12:30:00+00:00,161.551,161.451,-9.999999999999432,sl,W1,2024-07
buy,2024-07-12 08:11:10+00:00,2024-07-12 08:25:30+00:00,159.243,159.143,-9.999999999999432,sl,W1,2024-07
buy,2024-07-12 08:49:10+00:00,2024-07-12 10:19:20+00:00,159.13299999999998,159.253,12.000000000000455,tp,W1,2024-07
buy,2024-07-12 10:30:10+00:00,2024-07-12 10:51:20+00:00,159.244,159.144,-9.999999999999432,sl,W1,2024-07
buy,2024-07-15 08:48:10+00:00,2024-07-15 09:00:10+00:00,157.902,157.802,-9.999999999999432,sl,W1,2024-07
buy,2024-07-15 09:06:10+00:00,2024-07-15 09:37:00+00:00,157.849,157.969,12.000000000000455,tp,W1,2024-07
buy,2024-07-15 09:37:10+00:00,2024-07-15 10:38:00+00:00,157.97899999999998,158.099,12.000000000000455,tp,W1,2024-07
buy,2024-07-15 10:38:10+00:00,2024-07-15 10:42:00+00:00,158.113,158.013,-9.999999999999432,sl,W1,2024-07
buy,2024-07-16 08:16:10+00:00,2024-07-16 08:52:00+00:00,158.57299999999998,158.47299999999998,-9.999999999999432,sl,W1,2024-07
buy,2024-07-16 09:14:10+00:00,2024-07-16 09:25:00+00:00,158.492,158.392,-9.999999999999432,sl,W1,2024-07
buy,2024-07-17 09:06:10+00:00,2024-07-17 09:08:10+00:00,156.49699999999999,156.397,-9.999999999999432,sl,W1,2024-07
buy,2024-07-17 09:15:10+00:00,2024-07-17 09:16:00+00:00,156.58499999999998,156.48499999999999,-9.999999999999432,sl,W1,2024-07
buy,2024-07-18 08:00:10+00:00,2024-07-18 08:28:20+00:00,156.25799999999998,156.378,12.000000000000455,tp,W1,2024-07
buy,2024-07-18 08:28:30+00:00,2024-07-18 08:42:30+00:00,156.41199999999998,156.53199999999998,12.000000000000455,tp,W1,2024-07
buy,2024-07-18 08:53:10+00:00,2024-07-18 08:57:10+00:00,156.582,156.482,-9.999999999999432,sl,W1,2024-07
buy,2024-07-18 09:26:10+00:00,2024-07-18 12:30:00+00:00,156.41,156.31,-9.999999999999432,sl,W1,2024-07
buy,2024-07-19 08:05:10+00:00,2024-07-19 08:10:00+00:00,157.426,157.326,-9.999999999999432,sl,W1,2024-07
buy,2024-07-19 08:43:10+00:00,2024-07-19 09:14:00+00:00,157.24699999999999,157.147,-9.999999999999432,sl,W1,2024-07
buy,2024-07-22 08:12:10+00:00,2024-07-22 08:47:30+00:00,156.789,156.909,12.000000000000455,tp,W1,2024-07
buy,2024-07-22 08:47:40+00:00,2024-07-22 08:59:20+00:00,156.93599999999998,156.83599999999998,-9.999999999999432,sl,W1,2024-07
buy,2024-07-22 09:22:10+00:00,2024-07-22 10:05:30+00:00,156.703,156.603,-9.999999999999432,sl,W1,2024-07
buy,2024-07-23 08:27:10+00:00,2024-07-23 08:35:00+00:00,155.97,155.87,-9.999999999999432,sl,W1,2024-07
buy,2024-07-23 08:56:10+00:00,2024-07-23 09:39:30+00:00,155.97899999999998,155.879,-9.999999999999432,sl,W1,2024-07
buy,2024-07-24 08:06:10+00:00,2024-07-24 08:40:10+00:00,154.65099999999998,154.771,12.000000000000455,tp,W1,2024-07
buy,2024-07-24 08:41:10+00:00,2024-07-24 08:44:10+00:00,154.807,154.927,12.000000000000455,tp,W1,2024-07
buy,2024-07-24 08:44:20+00:00,2024-07-24 08:55:10+00:00,154.94299999999998,154.843,-9.999999999999432,sl,W1,2024-07
buy,2024-07-24 09:06:10+00:00,2024-07-24 09:08:20+00:00,154.93099999999998,154.831,-9.999999999999432,sl,W1,2024-07
buy,2024-07-25 08:01:10+00:00,2024-07-25 08:03:30+00:00,152.27499999999998,152.17499999999998,-9.999999999999432,sl,W1,2024-07
buy,2024-07-25 08:25:10+00:00,2024-07-25 08:26:20+00:00,152.1,152.22,12.000000000000455,tp,W1,2024-07
buy,2024-07-25 08:26:30+00:00,2024-07-25 08:29:40+00:00,152.237,152.357,12.000000000000455,tp,W1,2024-07
buy,2024-07-25 08:29:50+00:00,2024-07-25 08:35:30+00:00,152.364,152.264,-9.999999999999432,sl,W1,2024-07
buy,2024-07-25 08:39:10+00:00,2024-07-25 08:43:50+00:00,152.392,152.512,12.000000000000455,tp,W1,2024-07
buy,2024-07-25 08:51:10+00:00,2024-07-25 09:16:30+00:00,152.665,152.565,-9.999999999999432,sl,W1,2024-07
buy,2024-07-25 09:50:10+00:00,2024-07-25 09:57:20+00:00,152.398,152.298,-9.999999999999432,sl,W1,2024-07
buy,2024-07-26 08:16:10+00:00,2024-07-26 08:22:30+00:00,154.048,154.168,12.000000000000455,tp,W1,2024-07
buy,2024-07-26 08:22:40+00:00,2024-07-26 08:30:40+00:00,154.19199999999998,154.31199999999998,12.000000000000455,tp,W1,2024-07
buy,2024-07-26 08:30:50+00:00,2024-07-26 08:53:50+00:00,154.349,154.249,-9.999999999999432,sl,W1,2024-07
buy,2024-07-26 09:28:10+00:00,2024-07-26 09:30:00+00:00,154.215,154.115,-9.999999999999432,sl,W1,2024-07
buy,2024-07-29 08:07:10+00:00,2024-07-29 08:11:40+00:00,153.69199999999998,153.81199999999998,12.000000000000455,tp,W1,2024-07
buy,2024-07-29 08:13:10+00:00,2024-07-29 08:23:20+00:00,153.882,153.782,-9.999999999999432,sl,W1,2024-07
buy,2024-07-29 08:56:10+00:00,2024-07-29 09:15:10+00:00,153.71099999999998,153.611,-9.999999999999432,sl,W1,2024-07
buy,2024-07-30 08:15:10+00:00,2024-07-30 08:21:30+00:00,154.84099999999998,154.74099999999999,-9.999999999999432,sl,W1,2024-07
buy,2024-07-30 08:37:10+00:00,2024-07-30 08:42:20+00:00,154.88799999999998,154.78799999999998,-9.999999999999432,sl,W1,2024-07
buy,2024-07-31 08:16:10+00:00,2024-07-31 08:21:20+00:00,150.464,150.364,-9.999999999999432,sl,W1,2024-07
buy,2024-07-31 08:27:10+00:00,2024-07-31 08:29:00+00:00,150.617,150.737,12.000000000000455,tp,W1,2024-07
buy,2024-07-31 08:46:10+00:00,2024-07-31 08:47:50+00:00,150.73,150.63,-9.999999999999432,sl,W1,2024-07
buy,2024-07-31 08:53:10+00:00,2024-07-31 08:54:40+00:00,150.83599999999998,150.736,-9.999999999999432,sl,W1,2024-07
buy,2024-08-01 08:15:10+00:00,2024-08-01 08:15:40+00:00,149.613,149.513,-9.999999999999432,sl,W1,2024-08
buy,2024-08-01 08:15:50+00:00,2024-08-01 08:18:30+00:00,149.53,149.65,12.000000000000455,tp,W1,2024-08
buy,2024-08-01 08:18:40+00:00,2024-08-01 08:28:00+00:00,149.661,149.781,12.000000000000455,tp,W1,2024-08
buy,2024-08-01 08:28:10+00:00,2024-08-01 08:35:40+00:00,149.789,149.909,12.000000000000455,tp,W1,2024-08
buy,2024-08-01 08:36:10+00:00,2024-08-01 08:42:10+00:00,149.916,149.816,-9.999999999999432,sl,W1,2024-08
buy,2024-08-01 09:00:10+00:00,2024-08-01 09:00:40+00:00,149.725,149.625,-9.999999999999432,sl,W1,2024-08
buy,2024-08-01 09:00:50+00:00,2024-08-02 00:00:00+00:00,149.637,149.537,-9.999999999999432,sl,W1,2024-08
buy,2024-08-02 08:01:10+00:00,2024-08-02 08:02:50+00:00,149.298,149.198,-9.999999999999432,sl,W1,2024-08
buy,2024-08-05 08:54:10+00:00,2024-08-05 08:57:40+00:00,142.462,142.362,-9.999999999999432,sl,W1,2024-08
buy,2024-08-05 09:05:10+00:00,2024-08-05 09:05:40+00:00,142.447,142.347,-9.999999999999432,sl,W1,2024-08
buy,2024-08-05 09:05:50+00:00,2024-08-06 00:00:00+00:00,142.384,142.504,12.000000000000455,tp,W1,2024-08
buy,2024-08-06 08:01:10+00:00,2024-08-06 08:04:30+00:00,145.363,145.263,-9.999999999999432,sl,W1,2024-08
buy,2024-08-06 08:28:10+00:00,2024-08-06 08:31:00+00:00,144.89399999999998,145.01399999999998,12.000000000000455,tp,W1,2024-08
buy,2024-08-06 08:31:10+00:00,2024-08-06 08:36:00+00:00,144.994,145.114,12.000000000000455,tp,W1,2024-08
buy,2024-08-06 08:49:10+00:00,2024-08-06 08:50:10+00:00,144.982,145.102,12.000000000000455,tp,W1,2024-08
buy,2024-08-06 08:50:20+00:00,2024-08-06 08:55:40+00:00,145.082,144.982,-9.999999999999432,sl,W1,2024-08
buy,2024-08-06 09:10:10+00:00,2024-08-06 09:11:00+00:00,144.733,144.633,-9.999999999999432,sl,W1,2024-08
buy,2024-08-07 08:00:10+00:00,2024-08-07 08:03:50+00:00,146.742,146.642,-9.999999999999432,sl,W1,2024-08
buy,2024-08-07 08:07:10+00:00,2024-08-07 08:12:00+00:00,146.908,146.808,-9.999999999999432,sl,W1,2024-08
buy,2024-08-08 08:14:10+00:00,2024-08-08 08:35:10+00:00,145.868,145.988,12.000000000000455,tp,W1,2024-08
buy,2024-08-08 08:35:20+00:00,2024-08-08 08:41:00+00:00,146.005,146.125,12.000000000000455,tp,W1,2024-08
buy,2024-08-08 08:41:10+00:00,2024-08-08 09:29:20+00:00,146.161,146.281,12.000000000000455,tp,W1,2024-08
buy,2024-08-08 09:30:10+00:00,2024-08-08 09:31:00+00:00,146.308,146.428,12.000000000000455,tp,W1,2024-08
buy,2024-08-08 09:31:10+00:00,2024-08-08 09:35:30+00:00,146.46099999999998,146.361,-9.999999999999432,sl,W1,2024-08
buy,2024-08-08 10:10:10+00:00,2024-08-08 10:26:30+00:00,146.119,146.239,12.000000000000455,tp,W1,2024-08
buy,2024-08-08 10:47:10+00:00,2024-08-08 10:49:30+00:00,146.29399999999998,146.194,-9.999999999999432,sl,W1,2024-08
buy,2024-08-09 08:00:10+00:00,2024-08-09 08:10:20+00:00,147.254,147.154,-9.999999999999432,sl,W1,2024-08
buy,2024-08-09 08:25:10+00:00,2024-08-09 08:54:30+00:00,147.10399999999998,147.224,12.000000000000455,tp,W1,2024-08
buy,2024-08-09 08:55:10+00:00,2024-08-09 09:31:10+00:00,147.245,147.145,-9.999999999999432,sl,W1,2024-08
buy,2024-08-09 09:51:10+00:00,2024-08-09 10:13:10+00:00,147.232,147.132,-9.999999999999432,sl,W1,2024-08
buy,2024-08-12 08:04:10+00:00,2024-08-12 08:27:10+00:00,147.27599999999998,147.396,12.000000000000455,tp,W1,2024-08
buy,2024-08-12 08:32:10+00:00,2024-08-12 09:00:10+00:00,147.428,147.328,-9.999999999999432,sl,W1,2024-08
buy,2024-08-12 09:25:10+00:00,2024-08-12 11:09:00+00:00,147.326,147.446,12.000000000000455,tp,W1,2024-08
buy,2024-08-13 08:28:10+00:00,2024-08-13 09:58:40+00:00,147.78,147.9,12.000000000000455,tp,W1,2024-08
buy,2024-08-13 09:58:50+00:00,2024-08-13 10:13:00+00:00,147.905,147.805,-9.999999999999432,sl,W1,2024-08
buy,2024-08-13 10:58:10+00:00,2024-08-13 11:00:10+00:00,147.6,147.5,-9.999999999999432,sl,W1,2024-08
buy,2024-08-14 08:00:10+00:00,2024-08-14 08:10:10+00:00,147.44,147.34,-9.999999999999432,sl,W1,2024-08
buy,2024-08-14 08:31:10+00:00,2024-08-14 08:33:30+00:00,147.325,147.225,-9.999999999999432,sl,W1,2024-08
buy,2024-08-15 08:00:10+00:00,2024-08-15 08:29:50+00:00,147.231,147.351,12.000000000000455,tp,W1,2024-08
buy,2024-08-15 08:30:10+00:00,2024-08-15 10:16:10+00:00,147.361,147.261,-9.999999999999432,sl,W1,2024-08
buy,2024-08-15 10:28:10+00:00,2024-08-15 11:09:30+00:00,147.28199999999998,147.182,-9.999999999999432,sl,W1,2024-08
buy,2024-08-16 08:41:10+00:00,2024-08-16 09:15:50+00:00,148.749,148.649,-9.999999999999432,sl,W1,2024-08
buy,2024-08-16 09:25:10+00:00,2024-08-16 10:03:00+00:00,148.676,148.576,-9.999999999999432,sl,W1,2024-08
buy,2024-08-19 08:11:10+00:00,2024-08-19 08:25:00+00:00,146.03099999999998,146.15099999999998,12.000000000000455,tp,W1,2024-08
buy,2024-08-19 08:31:10+00:00,2024-08-19 08:42:20+00:00,146.19,146.09,-9.999999999999432,sl,W1,2024-08
buy,2024-08-19 08:54:10+00:00,2024-08-19 09:31:30+00:00,146.089,145.989,-9.999999999999432,sl,W1,2024-08
buy,2024-08-20 08:11:10+00:00,2024-08-20 08:34:10+00:00,146.495,146.395,-9.999999999999432,sl,W1,2024-08
buy,2024-08-20 08:53:10+00:00,2024-08-20 08:59:20+00:00,146.387,146.507,12.000000000000455,tp,W1,2024-08
buy,2024-08-20 08:59:30+00:00,2024-08-20 09:12:30+00:00,146.522,146.422,-9.999999999999432,sl,W1,2024-08
buy,2024-08-20 09:27:10+00:00,2024-08-20 09:33:20+00:00,146.51399999999998,146.414,-9.999999999999432,sl,W1,2024-08
buy,2024-08-21 08:54:10+00:00,2024-08-21 09:05:30+00:00,145.953,146.073,12.000000000000455,tp,W1,2024-08
buy,2024-08-21 09:05:40+00:00,2024-08-21 09:17:30+00:00,146.07999999999998,145.98,-9.999999999999432,sl,W1,2024-08
buy,2024-08-21 09:29:10+00:00,2024-08-21 09:38:30+00:00,146.017,146.137,12.000000000000455,tp,W1,2024-08
buy,2024-08-21 09:38:40+00:00,2024-08-21 10:29:40+00:00,146.149,146.049,-9.999999999999432,sl,W1,2024-08
buy,2024-08-21 10:48:10+00:00,2024-08-21 10:56:50+00:00,146.1,146.22,12.000000000000455,tp,W1,2024-08
buy,2024-08-21 10:57:00+00:00,2024-08-21 11:04:00+00:00,146.23,146.13,-9.999999999999432,sl,W1,2024-08
buy,2024-08-22 08:06:10+00:00,2024-08-22 08:16:30+00:00,145.41,145.53,12.000000000000455,tp,W1,2024-08
buy,2024-08-22 08:17:10+00:00,2024-08-22 08:47:20+00:00,145.527,145.647,12.000000000000455,tp,W1,2024-08
buy,2024-08-22 08:47:30+00:00,2024-08-22 10:15:30+00:00,145.64999999999998,145.76999999999998,12.000000000000455,tp,W1,2024-08
buy,2024-08-22 10:15:40+00:00,2024-08-22 11:11:50+00:00,145.78199999999998,145.902,12.000000000000455,tp,W1,2024-08
buy,2024-08-23 08:03:10+00:00,2024-08-23 08:09:30+00:00,145.899,145.799,-9.999999999999432,sl,W1,2024-08
buy,2024-08-23 08:22:10+00:00,2024-08-23 08:38:30+00:00,145.875,145.775,-9.999999999999432,sl,W1,2024-08
buy,2024-08-26 08:01:10+00:00,2024-08-26 08:11:10+00:00,143.939,143.839,-9.999999999999432,sl,W1,2024-08
buy,2024-08-26 08:37:10+00:00,2024-08-26 09:26:10+00:00,143.838,143.958,12.000000000000455,tp,W1,2024-08
buy,2024-08-26 09:27:10+00:00,2024-08-26 10:31:30+00:00,143.965,144.085,12.000000000000455,tp,W1,2024-08
buy,2024-08-26 10:51:10+00:00,2024-08-26 11:10:10+00:00,144.09799999999998,143.998,-9.999999999999432,sl,W1,2024-08
buy,2024-08-27 08:00:10+00:00,2024-08-27 08:41:20+00:00,145.00799999999998,145.128,12.000000000000455,tp,W1,2024-08
buy,2024-08-27 08:47:10+00:00,2024-08-27 08:53:00+00:00,145.15699999999998,145.057,-9.999999999999432,sl,W1,2024-08
buy,2024-08-27 09:13:10+00:00,2024-08-27 09:15:20+00:00,145.00799999999998,144.908,-9.999999999999432,sl,W1,2024-08
buy,2024-08-28 08:00:10+00:00,2024-08-28 08:11:50+00:00,144.57,144.47,-9.999999999999432,sl,W1,2024-08
buy,2024-08-28 08:23:10+00:00,2024-08-28 08:35:30+00:00,144.471,144.371,-9.999999999999432,sl,W1,2024-08
buy,2024-08-29 08:12:10+00:00,2024-08-29 08:16:30+00:00,144.67,144.57,-9.999999999999432,sl,W1,2024-08
buy,2024-08-29 08:31:10+00:00,2024-08-29 08:37:40+00:00,144.612,144.512,-9.999999999999432,sl,W1,2024-08
buy,2024-08-30 08:13:10+00:00,2024-08-30 08:36:50+00:00,144.91199999999998,145.03199999999998,12.000000000000455,tp,W1,2024-08
buy,2024-08-30 08:37:10+00:00,2024-08-30 10:11:00+00:00,145.03799999999998,145.158,12.000000000000455,tp,W1,2024-08
buy,2024-08-30 10:15:10+00:00,2024-08-30 11:48:20+00:00,145.20399999999998,145.32399999999998,12.000000000000455,tp,W1,2024-08
buy,2024-09-02 08:00:10+00:00,2024-09-02 08:08:30+00:00,146.481,146.601,12.000000000000455,tp,W1,2024-09
buy,2024-09-02 08:08:40+00:00,2024-09-02 08:29:10+00:00,146.628,146.748,12.000000000000455,tp,W1,2024-09
buy,2024-09-02 08:30:10+00:00,2024-09-02 08:45:20+00:00,146.798,146.698,-9.999999999999432,sl,W1,2024-09
buy,2024-09-02 09:27:10+00:00,2024-09-02 09:35:10+00:00,146.73,146.63,-9.999999999999432,sl,W1,2024-09
buy,2024-09-03 08:49:10+00:00,2024-09-03 09:52:50+00:00,145.82399999999998,145.944,12.000000000000455,tp,W1,2024-09
buy,2024-09-03 09:53:00+00:00,2024-09-03 11:31:10+00:00,145.957,146.077,12.000000000000455,tp,W1,2024-09
buy,2024-09-04 08:00:10+00:00,2024-09-04 08:14:10+00:00,145.00199999999998,145.12199999999999,12.000000000000455,tp,W1,2024-09
buy,2024-09-04 08:19:10+00:00,2024-09-04 09:28:20+00:00,145.142,145.262,12.000000000000455,tp,W1,2024-09
buy,2024-09-04 09:28:30+00:00,2024-09-04 09:47:00+00:00,145.26299999999998,145.16299999999998,-9.999999999999432,sl,W1,2024-09
buy,2024-09-04 10:24:10+00:00,2024-09-04 10:44:50+00:00,145.028,145.148,12.000000000000455,tp,W1,2024-09
buy,2024-09-04 10:46:10+00:00,2024-09-04 10:59:50+00:00,145.18699999999998,145.087,-9.999999999999432,sl,W1,2024-09
buy,2024-09-05 08:13:10+00:00,2024-09-05 08:23:10+00:00,143.71599999999998,143.61599999999999,-9.999999999999432,sl,W1,2024-09
buy,2024-09-05 08:41:10+00:00,2024-09-05 08:45:30+00:00,143.69899999999998,143.599,-9.999999999999432,sl,W1,2024-09
buy,2024-09-06 08:00:10+00:00,2024-09-06 08:12:20+00:00,142.539,142.659,12.000000000000455,tp,W1,2024-09
buy,2024-09-06 08:32:10+00:00,2024-09-06 08:33:30+00:00,142.718,142.618,-9.999999999999432,sl,W1,2024-09
buy,2024-09-06 08:59:10+00:00,2024-09-06 09:07:40+00:00,142.642,142.762,12.000000000000455,tp,W1,2024-09
buy,2024-09-06 09:07:50+00:00,2024-09-06 10:05:50+00:00,142.77599999999998,142.896,12.000000000000455,tp,W1,2024-09
buy,2024-09-06 10:06:10+00:00,2024-09-06 10:15:30+00:00,142.941,142.841,-9.999999999999432,sl,W1,2024-09
buy,2024-09-06 10:26:10+00:00,2024-09-06 10:45:00+00:00,142.927,142.827,-9.999999999999432,sl,W1,2024-09
buy,2024-09-09 08:08:10+00:00,2024-09-09 08:30:10+00:00,143.212,143.332,12.000000000000455,tp,W1,2024-09
buy,2024-09-09 08:30:20+00:00,2024-09-09 09:18:50+00:00,143.34099999999998,143.46099999999998,12.000000000000455,tp,W1,2024-09
buy,2024-09-09 09:19:10+00:00,2024-09-09 10:04:20+00:00,143.469,143.589,12.000000000000455,tp,W1,2024-09
buy,2024-09-09 10:05:10+00:00,2024-09-09 10:35:40+00:00,143.60299999999998,143.72299999999998,12.000000000000455,tp,W1,2024-09
buy,2024-09-09 10:37:10+00:00,2024-09-09 11:04:00+00:00,143.749,143.649,-9.999999999999432,sl,W1,2024-09
buy,2024-09-10 08:01:10+00:00,2024-09-10 08:05:10+00:00,143.67499999999998,143.575,-9.999999999999432,sl,W1,2024-09
buy,2024-09-10 08:47:10+00:00,2024-09-10 08:53:10+00:00,143.547,143.447,-9.999999999999432,sl,W1,2024-09
buy,2024-09-11 08:03:10+00:00,2024-09-11 08:10:40+00:00,141.451,141.571,12.000000000000455,tp,W1,2024-09
buy,2024-09-11 08:11:10+00:00,2024-09-11 08:25:10+00:00,141.55499999999998,141.67499999999998,12.000000000000455,tp,W1,2024-09
buy,2024-09-11 08:26:10+00:00,2024-09-11 08:31:20+00:00,141.679,141.579,-9.999999999999432,sl,W1,2024-09
buy,2024-09-11 08:58:10+00:00,2024-09-11 09:01:40+00:00,141.56699999999998,141.46699999999998,-9.999999999999432,sl,W1,2024-09
buy,2024-09-12 08:24:10+00:00,2024-09-12 08:28:00+00:00,142.72299999999998,142.623,-9.999999999999432,sl,W1,2024-09
buy,2024-09-12 08:45:10+00:00,2024-09-12 09:03:00+00:00,142.624,142.524,-9.999999999999432,sl,W1,2024-09
buy,2024-09-13 08:19:10+00:00,2024-09-13 08:25:20+00:00,140.64399999999998,140.76399999999998,12.000000000000455,tp,W1,2024-09
buy,2024-09-13 08:25:30+00:00,2024-09-13 08:39:30+00:00,140.774,140.674,-9.999999999999432,sl,W1,2024-09
buy,2024-09-13 08:46:10+00:00,2024-09-13 08:51:20+00:00,140.808,140.708,-9.999999999999432,sl,W1,2024-09
buy,2024-09-16 08:05:10+00:00,2024-09-16 08:07:40+00:00,139.945,139.845,-9.999999999999432,sl,W1,2024-09
buy,2024-09-16 08:23:10+00:00,2024-09-16 09:06:10+00:00,139.816,139.936,12.000000000000455,tp,W1,2024-09
buy,2024-09-16 09:16:10+00:00,2024-09-16 09:35:00+00:00,139.938,140.058,12.000000000000455,tp,W1,2024-09
buy,2024-09-16 09:35:10+00:00,2024-09-16 09:47:00+00:00,140.078,140.198,12.000000000000455,tp,W1,2024-09
buy,2024-09-16 09:47:10+00:00,2024-09-16 10:06:10+00:00,140.20999999999998,140.10999999999999,-9.999999999999432,sl,W1,2024-09
buy,2024-09-16 10:13:10+00:00,2024-09-16 10:24:30+00:00,140.19799999999998,140.09799999999998,-9.999999999999432,sl,W1,2024-09
buy,2024-09-17 08:01:10+00:00,2024-09-17 08:25:20+00:00,140.655,140.555,-9.999999999999432,sl,W1,2024-09
buy,2024-09-17 08:45:10+00:00,2024-09-17 09:11:40+00:00,140.57299999999998,140.47299999999998,-9.999999999999432,sl,W1,2024-09
buy,2024-09-18 08:15:10+00:00,2024-09-18 08:24:50+00:00,141.94899999999998,141.849,-9.999999999999432,sl,W1,2024-09
buy,2024-09-18 08:53:10+00:00,2024-09-18 09:21:30+00:00,141.743,141.643,-9.999999999999432,sl,W1,2024-09
buy,2024-09-19 08:05:10+00:00,2024-09-19 08:12:20+00:00,142.566,142.686,12.000000000000455,tp,W1,2024-09
buy,2024-09-19 08:15:10+00:00,2024-09-19 08:20:40+00:00,142.79399999999998,142.914,12.000000000000455,tp,W1,2024-09
buy,2024-09-19 08:43:10+00:00,2024-09-19 09:00:40+00:00,142.70399999999998,142.82399999999998,12.000000000000455,tp,W1,2024-09
buy,2024-09-19 09:00:50+00:00,2024-09-19 09:17:50+00:00,142.839,142.739,-9.999999999999432,sl,W1,2024-09
buy,2024-09-19 09:30:10+00:00,2024-09-19 09:36:30+00:00,142.81799999999998,142.938,12.000000000000455,tp,W1,2024-09
buy,2024-09-19 10:03:10+00:00,2024-09-19 10:07:00+00:00,142.82299999999998,142.94299999999998,12.000000000000455,tp,W1,2024-09
buy,2024-09-19 10:07:10+00:00,2024-09-19 10:08:40+00:00,142.97899999999998,143.099,12.000000000000455,tp,W1,2024-09
buy,2024-09-19 10:08:50+00:00,2024-09-19 10:12:10+00:00,143.10899999999998,143.009,-9.999999999999432,sl,W1,2024-09
buy,2024-09-19 10:20:10+00:00,2024-09-19 10:22:00+00:00,143.077,142.977,-9.999999999999432,sl,W1,2024-09
buy,2024-09-20 08:00:10+00:00,2024-09-20 08:04:20+00:00,143.64999999999998,143.54999999999998,-9.999999999999432,sl,W1,2024-09
buy,2024-09-20 08:44:10+00:00,2024-09-20 08:46:00+00:00,143.65099999999998,143.771,12.000000000000455,tp,W1,2024-09
buy,2024-09-20 08:46:10+00:00,2024-09-20 09:11:40+00:00,143.78799999999998,143.688,-9.999999999999432,sl,W1,2024-09
buy,2024-09-20 09:28:10+00:00,2024-09-20 09:45:40+00:00,143.772,143.892,12.000000000000455,tp,W1,2024-09
buy,2024-09-20 09:45:50+00:00,2024-09-20 09:47:40+00:00,143.898,143.798,-9.999999999999432,sl,W1,2024-09
buy,2024-09-20 09:53:10+00:00,2024-09-20 10:05:10+00:00,143.92,143.82,-9.999999999999432,sl,W1,2024-09
buy,2024-09-23 08:31:10+00:00,2024-09-23 08:32:50+00:00,143.59,143.49,-9.999999999999432,sl,W1,2024-09
buy,2024-09-23 08:42:10+00:00,2024-09-23 08:45:00+00:00,143.64399999999998,143.54399999999998,-9.999999999999432,sl,W1,2024-09
buy,2024-09-24 08:13:10+00:00,2024-09-24 08:22:10+00:00,144.433,144.553,12.000000000000455,tp,W1,2024-09
buy,2024-09-24 08:22:20+00:00,2024-09-24 08:35:10+00:00,144.569,144.469,-9.999999999999432,sl,W1,2024-09
buy,2024-09-24 09:02:10+00:00,2024-09-24 09:05:20+00:00,144.338,144.238,-9.999999999999432,sl,W1,2024-09
buy,2024-09-25 08:01:10+00:00,2024-09-25 08:10:40+00:00,143.93599999999998,144.05599999999998,12.000000000000455,tp,W1,2024-09
buy,2024-09-25 08:32:10+00:00,2024-09-25 08:59:00+00:00,144.02599999999998,143.926,-9.999999999999432,sl,W1,2024-09
buy,2024-09-25 09:06:20+00:00,2024-09-25 09:11:00+00:00,144.022,144.142,12.000000000000455,tp,W1,2024-09
buy,2024-09-25 09:11:10+00:00,2024-09-25 10:55:50+00:00,144.153,144.273,12.000000000000455,tp,W1,2024-09
buy,2024-09-26 08:07:10+00:00,2024-09-26 08:16:30+00:00,145.14999999999998,145.04999999999998,-9.999999999999432,sl,W1,2024-09
buy,2024-09-26 08:57:10+00:00,2024-09-26 09:35:50+00:00,144.839,144.959,12.000000000000455,tp,W1,2024-09
buy,2024-09-26 10:14:10+00:00,2024-09-26 10:22:30+00:00,144.724,144.624,-9.999999999999432,sl,W1,2024-09
buy,2024-09-27 08:15:10+00:00,2024-09-27 08:20:50+00:00,143.32899999999998,143.44899999999998,12.000000000000455,tp,W1,2024-09
buy,2024-09-27 08:21:10+00:00,2024-09-27 08:22:40+00:00,143.495,143.615,12.000000000000455,tp,W1,2024-09
buy,2024-09-27 08:22:50+00:00,2024-09-27 08:23:30+00:00,143.631,143.751,12.000000000000455,tp,W1,2024-09
buy,2024-09-27 08:23:40+00:00,2024-09-27 08:24:10+00:00,143.762,143.662,-9.999999999999432,sl,W1,2024-09
buy,2024-09-27 08:58:10+00:00,2024-09-27 09:06:50+00:00,143.12099999999998,143.24099999999999,12.000000000000455,tp,W1,2024-09
buy,2024-09-27 09:07:10+00:00,2024-09-27 09:11:10+00:00,143.27599999999998,143.396,12.000000000000455,tp,W1,2024-09
buy,2024-09-27 09:12:10+00:00,2024-09-27 09:13:10+00:00,143.44199999999998,143.34199999999998,-9.999999999999432,sl,W1,2024-09
buy,2024-09-27 09:19:10+00:00,2024-09-27 09:22:20+00:00,143.488,143.388,-9.999999999999432,sl,W1,2024-09
buy,2024-09-30 08:09:10+00:00,2024-09-30 08:11:50+00:00,142.474,142.374,-9.999999999999432,sl,W1,2024-09
buy,2024-09-30 08:25:10+00:00,2024-09-30 08:30:00+00:00,142.489,142.389,-9.999999999999432,sl,W1,2024-09
buy,2024-10-01 08:34:10+00:00,2024-10-01 08:36:30+00:00,143.86499999999998,143.765,-9.999999999999432,sl,W1,2024-10
buy,2024-10-01 08:55:10+00:00,2024-10-01 09:03:30+00:00,143.79,143.69,-9.999999999999432,sl,W1,2024-10
buy,2024-10-02 08:07:10+00:00,2024-10-02 08:11:50+00:00,144.101,144.001,-9.999999999999432,sl,W1,2024-10
buy,2024-10-02 08:20:10+00:00,2024-10-02 08:31:30+00:00,144.03799999999998,144.158,12.000000000000455,tp,W1,2024-10
buy,2024-10-02 08:31:40+00:00,2024-10-02 09:00:40+00:00,144.20999999999998,144.32999999999998,12.000000000000455,tp,W1,2024-10
buy,2024-10-02 09:04:10+00:00,2024-10-02 09:21:20+00:00,144.374,144.274,-9.999999999999432,sl,W1,2024-10
buy,2024-10-02 09:28:10+00:00,2024-10-02 09:44:50+00:00,144.328,144.228,-9.999999999999432,sl,W1,2024-10
buy,2024-10-03 08:08:10+00:00,2024-10-03 08:33:10+00:00,146.56199999999998,146.682,12.000000000000455,tp,W1,2024-10
buy,2024-10-03 08:33:20+00:00,2024-10-03 09:01:20+00:00,146.696,146.816,12.000000000000455,tp,W1,2024-10
buy,2024-10-03 09:01:30+00:00,2024-10-03 11:30:00+00:00,146.88,146.78,-9.999999999999432,sl,W1,2024-10
buy,2024-10-04 08:19:10+00:00,2024-10-04 09:16:00+00:00,146.332,146.452,12.000000000000455,tp,W1,2024-10
buy,2024-10-04 09:23:10+00:00,2024-10-04 11:57:40+00:00,146.476,146.596,12.000000000000455,tp,W1,2024-10
buy,2024-10-07 08:00:10+00:00,2024-10-07 08:15:30+00:00,148.286,148.186,-9.999999999999432,sl,W1,2024-10
buy,2024-10-07 08:25:10+00:00,2024-10-07 08:30:40+00:00,148.243,148.143,-9.999999999999432,sl,W1,2024-10
buy,2024-10-08 08:01:10+00:00,2024-10-08 08:06:50+00:00,147.646,147.546,-9.999999999999432,sl,W1,2024-10
buy,2024-10-08 08:19:10+00:00,2024-10-08 08:40:50+00:00,147.664,147.784,12.000000000000455,tp,W1,2024-10
buy,2024-10-08 08:41:10+00:00,2024-10-08 09:42:10+00:00,147.789,147.909,12.000000000000455,tp,W1,2024-10
buy,2024-10-08 09:43:10+00:00,2024-10-08 09:46:00+00:00,147.94299999999998,147.843,-9.999999999999432,sl,W1,2024-10
buy,2024-10-08 09:56:10+00:00,2024-10-08 10:53:20+00:00,147.87099999999998,147.99099999999999,12.000000000000455,tp,W1,2024-10
buy,2024-10-09 08:23:10+00:00,2024-10-09 08:43:00+00:00,148.56099999999998,148.68099999999998,12.000000000000455,tp,W1,2024-10
buy,2024-10-09 08:43:10+00:00,2024-10-09 09:34:10+00:00,148.69299999999998,148.593,-9.999999999999432,sl,W1,2024-10
buy,2024-10-09 10:05:10+00:00,2024-10-09 10:26:40+00:00,148.67499999999998,148.575,-9.999999999999432,sl,W1,2024-10
buy,2024-10-10 08:02:10+00:00,2024-10-10 08:14:40+00:00,149.058,149.178,12.000000000000455,tp,W1,2024-10
buy,2024-10-10 08:51:10+00:00,2024-10-10 09:04:20+00:00,149.141,149.041,-9.999999999999432,sl,W1,2024-10
buy,2024-10-10 09:48:10+00:00,2024-10-10 10:37:20+00:00,148.891,148.791,-9.999999999999432,sl,W1,2024-10
buy,2024-10-11 08:09:10+00:00,2024-10-11 08:22:50+00:00,148.828,148.728,-9.999999999999432,sl,W1,2024-10
buy,2024-10-11 08:58:10+00:00,2024-10-11 09:22:40+00:00,148.731,148.851,12.000000000000455,tp,W1,2024-10
buy,2024-10-11 09:23:10+00:00,2024-10-11 10:25:20+00:00,148.852,148.972,12.000000000000455,tp,W1,2024-10
buy,2024-10-11 10:26:10+00:00,2024-10-11 11:08:00+00:00,148.992,149.112,12.000000000000455,tp,W1,2024-10
buy,2024-10-14 08:10:10+00:00,2024-10-14 10:54:00+00:00,149.404,149.524,12.000000000000455,tp,W1,2024-10
buy,2024-10-14 10:54:10+00:00,2024-10-14 11:09:10+00:00,149.535,149.655,12.000000000000455,tp,W1,2024-10
buy,2024-10-15 08:26:10+00:00,2024-10-15 09:21:10+00:00,149.113,149.013,-9.999999999999432,sl,W1,2024-10
buy,2024-10-15 09:28:10+00:00,2024-10-15 09:35:00+00:00,149.075,148.975,-9.999999999999432,sl,W1,2024-10
buy,2024-10-16 08:30:10+00:00,2024-10-16 09:40:00+00:00,149.382,149.282,-9.999999999999432,sl,W1,2024-10
buy,2024-10-16 09:55:10+00:00,2024-10-16 10:38:30+00:00,149.248,149.368,12.000000000000455,tp,W1,2024-10
buy,2024-10-16 10:38:40+00:00,2024-10-16 11:32:00+00:00,149.376,149.276,-9.999999999999432,sl,W1,2024-10
buy,2024-10-17 08:13:10+00:00,2024-10-17 09:31:50+00:00,149.778,149.678,-9.999999999999432,sl,W1,2024-10
buy,2024-10-17 09:49:10+00:00,2024-10-17 10:56:50+00:00,149.654,149.554,-9.999999999999432,sl,W1,2024-10
buy,2024-10-18 08:05:10+00:00,2024-10-18 08:13:10+00:00,150.152,150.052,-9.999999999999432,sl,W1,2024-10
buy,2024-10-18 08:53:10+00:00,2024-10-18 09:15:00+00:00,149.96599999999998,149.86599999999999,-9.999999999999432,sl,W1,2024-10
buy,2024-10-21 08:15:10+00:00,2024-10-21 09:52:50+00:00,149.875,149.995,12.000000000000455,tp,W1,2024-10
buy,2024-10-21 09:53:10+00:00,2024-10-21 10:50:10+00:00,150.01899999999998,149.91899999999998,-9.999999999999432,sl,W1,2024-10
buy,2024-10-21 10:59:10+00:00,2024-10-21 11:23:20+00:00,149.969,149.869,-9.999999999999432,sl,W1,2024-10
buy,2024-10-22 08:19:10+00:00,2024-10-22 08:38:20+00:00,150.858,150.978,12.000000000000455,tp,W1,2024-10
buy,2024-10-22 08:46:10+00:00,2024-10-22 09:08:50+00:00,151.012,150.912,-9.999999999999432,sl,W1,2024-10
buy,2024-10-22 09:56:10+00:00,2024-10-22 10:06:10+00:00,150.89999999999998,150.79999999999998,-9.999999999999432,sl,W1,2024-10
buy,2024-10-23 08:09:10+00:00,2024-10-23 08:35:40+00:00,152.42,152.54,12.000000000000455,tp,W1,2024-10
buy,2024-10-23 08:48:10+00:00,2024-10-23 08:53:40+00:00,152.521,152.421,-9.999999999999432,sl,W1,2024-10
buy,2024-10-23 09:06:10+00:00,2024-10-23 09:19:20+00:00,152.464,152.584,12.000000000000455,tp,W1,2024-10
buy,2024-10-23 09:20:10+00:00,2024-10-23 10:40:00+00:00,152.64499999999998,152.765,12.000000000000455,tp,W1,2024-10
buy,2024-10-23 10:40:10+00:00,2024-10-23 11:28:00+00:00,152.773,152.893,12.000000000000455,tp,W1,2024-10
buy,2024-10-24 08:02:10+00:00,2024-10-24 08:22:20+00:00,152.18599999999998,152.08599999999998,-9.999999999999432,sl,W1,2024-10
buy,2024-10-24 08:41:10+00:00,2024-10-24 09:30:20+00:00,152.015,151.915,-9.999999999999432,sl,W1,2024-10
buy,2024-10-25 08:01:10+00:00,2024-10-25 08:16:20+00:00,152.023,151.923,-9.999999999999432,sl,W1,2024-10
buy,2024-10-25 08:21:10+00:00,2024-10-25 09:02:10+00:00,152.028,151.928,-9.999999999999432,sl,W1,2024-10
buy,2024-10-28 08:00:10+00:00,2024-10-28 08:08:30+00:00,153.36599999999999,153.266,-9.999999999999432,sl,W1,2024-10
buy,2024-10-28 08:33:10+00:00,2024-10-28 08:40:30+00:00,153.367,153.267,-9.999999999999432,sl,W1,2024-10
buy,2024-10-29 08:01:10+00:00,2024-10-29 08:39:10+00:00,153.244,153.364,12.000000000000455,tp,W1,2024-10
buy,2024-10-29 08:40:10+00:00,2024-10-29 11:47:20+00:00,153.369,153.489,12.000000000000455,tp,W1,2024-10
buy,2024-10-30 08:32:10+00:00,2024-10-30 08:36:00+00:00,153.136,153.036,-9.999999999999432,sl,W1,2024-10
buy,2024-10-30 09:01:10+00:00,2024-10-30 09:13:50+00:00,152.947,153.067,12.000000000000455,tp,W1,2024-10
buy,2024-10-30 09:14:00+00:00,2024-10-30 09:26:10+00:00,153.065,153.185,12.000000000000455,tp,W1,2024-10
buy,2024-10-30 09:26:20+00:00,2024-10-30 09:43:50+00:00,153.18599999999998,153.08599999999998,-9.999999999999432,sl,W1,2024-10
buy,2024-10-30 10:32:10+00:00,2024-10-30 10:52:10+00:00,152.958,152.858,-9.999999999999432,sl,W1,2024-10
buy,2024-10-31 08:36:10+00:00,2024-10-31 08:45:50+00:00,152.105,152.225,12.000000000000455,tp,W1,2024-10
buy,2024-10-31 08:47:10+00:00,2024-10-31 08:56:30+00:00,152.29,152.41,12.000000000000455,tp,W1,2024-10
buy,2024-10-31 08:56:40+00:00,2024-10-31 09:09:00+00:00,152.41799999999998,152.53799999999998,12.000000000000455,tp,W1,2024-10
buy,2024-10-31 09:09:10+00:00,2024-10-31 09:19:20+00:00,152.507,152.407,-9.999999999999432,sl,W1,2024-10
buy,2024-10-31 09:24:10+00:00,2024-10-31 09:43:40+00:00,152.49099999999999,152.391,-9.999999999999432,sl,W1,2024-10
buy,2024-11-01 08:01:10+00:00,2024-11-01 08:04:50+00:00,152.667,152.567,-9.999999999999432,sl,W1,2024-11
buy,2024-11-01 08:11:10+00:00,2024-11-01 08:15:50+00:00,152.69,152.59,-9.999999999999432,sl,W1,2024-11
buy,2024-11-04 08:53:10+00:00,2024-11-04 09:24:30+00:00,152.088,151.988,-9.999999999999432,sl,W1,2024-11
buy,2024-11-04 10:23:10+00:00,2024-11-04 10:30:00+00:00,152.005,151.905,-9.999999999999432,sl,W1,2024-11
buy,2024-11-05 08:02:10+00:00,2024-11-05 08:27:30+00:00,152.309,152.209,-9.999999999999432,sl,W1,2024-11
buy,2024-11-05 09:05:10+00:00,2024-11-05 09:35:30+00:00,152.23999999999998,152.14,-9.999999999999432,sl,W1,2024-11
buy,2024-11-06 08:00:10+00:00,2024-11-06 08:07:00+00:00,153.974,154.094,12.000000000000455,tp,W1,2024-11
buy,2024-11-06 08:12:10+00:00,2024-11-06 08:15:30+00:00,154.134,154.034,-9.999999999999432,sl,W1,2024-11
buy,2024-11-06 08:27:10+00:00,2024-11-06 08:33:10+00:00,154.09799999999998,153.998,-9.999999999999432,sl,W1,2024-11
buy,2024-11-07 08:00:10+00:00,2024-11-07 08:14:10+00:00,154.01999999999998,153.92,-9.999999999999432,sl,W1,2024-11
buy,2024-11-07 08:33:10+00:00,2024-11-07 09:00:00+00:00,153.93699999999998,154.057,12.000000000000455,tp,W1,2024-11
buy,2024-11-07 09:00:10+00:00,2024-11-07 09:26:50+00:00,154.06799999999998,153.968,-9.999999999999432,sl,W1,2024-11
buy,2024-11-07 09:50:10+00:00,2024-11-07 10:03:00+00:00,153.981,153.881,-9.999999999999432,sl,W1,2024-11
buy,2024-11-08 08:09:10+00:00,2024-11-08 08:10:10+00:00,152.739,152.639,-9.999999999999432,sl,W1,2024-11
buy,2024-11-08 08:21:10+00:00,2024-11-08 08:29:20+00:00,152.672,152.572,-9.999999999999432,sl,W1,2024-11
buy,2024-11-11 08:02:10+00:00,2024-11-11 08:20:20+00:00,153.714,153.834,12.000000000000455,tp,W1,2024-11
buy,2024-11-11 08:52:10+00:00,2024-11-11 08:53:50+00:00,153.85299999999998,153.753,-9.999999999999432,sl,W1,2024-11
buy,2024-11-11 09:08:10+00:00,2024-11-11 09:20:30+00:00,153.82,153.72,-9.999999999999432,sl,W1,2024-11
buy,2024-11-12 08:13:10+00:00,2024-11-12 09:00:00+00:00,153.837,153.957,12.000000000000455,tp,W1,2024-11
buy,2024-11-12 09:00:10+00:00,2024-11-12 09:40:40+00:00,153.97199999999998,154.09199999999998,12.000000000000455,tp,W1,2024-11
buy,2024-11-12 09:41:10+00:00,2024-11-12 10:06:20+00:00,154.117,154.017,-9.999999999999432,sl,W1,2024-11
buy,2024-11-12 10:15:10+00:00,2024-11-12 11:03:00+00:00,154.10299999999998,154.003,-9.999999999999432,sl,W1,2024-11
buy,2024-11-13 08:09:10+00:00,2024-11-13 08:35:20+00:00,155.184,155.084,-9.999999999999432,sl,W1,2024-11
buy,2024-11-13 09:04:10+00:00,2024-11-13 09:24:30+00:00,155.04899999999998,154.94899999999998,-9.999999999999432,sl,W1,2024-11
buy,2024-11-14 08:15:10+00:00,2024-11-14 08:37:20+00:00,155.807,155.927,12.000000000000455,tp,W1,2024-11
buy,2024-11-14 08:37:30+00:00,2024-11-14 08:47:40+00:00,155.935,155.835,-9.999999999999432,sl,W1,2024-11
buy,2024-11-14 08:55:10+00:00,2024-11-14 09:31:10+00:00,155.939,156.059,12.000000000000455,tp,W1,2024-11
buy,2024-11-14 09:31:20+00:00,2024-11-14 10:27:50+00:00,156.11499999999998,156.23499999999999,12.000000000000455,tp,W1,2024-11
buy,2024-11-14 10:28:00+00:00,2024-11-14 10:45:10+00:00,156.24099999999999,156.141,-9.999999999999432,sl,W1,2024-11
buy,2024-11-15 08:16:10+00:00,2024-11-15 08:29:30+00:00,155.732,155.632,-9.999999999999432,sl,W1,2024-11
buy,2024-11-15 08:53:10+00:00,2024-11-15 08:55:10+00:00,155.51399999999998,155.414,-9.999999999999432,sl,W1,2024-11
buy,2024-11-18 08:04:10+00:00,2024-11-18 08:13:20+00:00,154.658,154.778,12.000000000000455,tp,W1,2024-11
buy,2024-11-18 08:14:10+00:00,2024-11-18 08:16:00+00:00,154.796,154.696,-9.999999999999432,sl,W1,2024-11
buy,2024-11-18 08:23:10+00:00,2024-11-18 08:47:10+00:00,154.751,154.871,12.000000000000455,tp,W1,2024-11
buy,2024-11-18 08:48:10+00:00,2024-11-18 09:05:10+00:00,154.903,154.803,-9.999999999999432,sl,W1,2024-11
buy,2024-11-18 09:28:10+00:00,2024-11-18 09:48:10+00:00,154.643,154.763,12.000000000000455,tp,W1,2024-11
buy,2024-11-18 09:49:10+00:00,2024-11-18 10:22:10+00:00,154.79899999999998,154.91899999999998,12.000000000000455,tp,W1,2024-11
buy,2024-11-18 10:22:20+00:00,2024-11-18 10:55:30+00:00,154.928,155.048,12.000000000000455,tp,W1,2024-11
buy,2024-11-18 10:55:40+00:00,2024-11-18 10:58:30+00:00,155.057,154.957,-9.999999999999432,sl,W1,2024-11
buy,2024-11-19 08:06:10+00:00,2024-11-19 08:10:10+00:00,154.571,154.471,-9.999999999999432,sl,W1,2024-11
buy,2024-11-19 09:02:10+00:00,2024-11-19 09:06:40+00:00,153.87099999999998,153.99099999999999,12.000000000000455,tp,W1,2024-11
buy,2024-11-19 09:07:10+00:00,2024-11-19 09:15:10+00:00,153.947,154.067,12.000000000000455,tp,W1,2024-11
buy,2024-11-19 09:34:10+00:00,2024-11-19 09:43:00+00:00,153.619,153.739,12.000000000000455,tp,W1,2024-11
buy,2024-11-19 09:43:10+00:00,2024-11-19 09:44:00+00:00,153.76999999999998,153.67,-9.999999999999432,sl,W1,2024-11
buy,2024-11-19 09:52:10+00:00,2024-11-19 10:02:20+00:00,153.798,153.698,-9.999999999999432,sl,W1,2024-11
buy,2024-11-20 08:42:10+00:00,2024-11-20 09:19:20+00:00,155.679,155.799,12.000000000000455,tp,W1,2024-11
buy,2024-11-20 09:19:30+00:00,2024-11-20 09:46:10+00:00,155.82299999999998,155.72299999999998,-9.999999999999432,sl,W1,2024-11
buy,2024-11-20 09:55:10+00:00,2024-11-20 11:45:00+00:00,155.74099999999999,155.861,12.000000000000455,tp,W1,2024-11
buy,2024-11-21 08:01:10+00:00,2024-11-21 08:06:20+00:00,154.964,154.864,-9.999999999999432,sl,W1,2024-11
buy,2024-11-21 08:47:10+00:00,2024-11-21 08:55:00+00:00,154.539,154.439,-9.999999999999432,sl,W1,2024-11
buy,2024-11-22 08:01:10+00:00,2024-11-22 08:15:00+00:00,154.767,154.667,-9.999999999999432,sl,W1,2024-11
buy,2024-11-22 08:44:10+00:00,2024-11-22 09:11:30+00:00,154.48999999999998,154.60999999999999,12.000000000000455,tp,W1,2024-11
buy,2024-11-22 09:13:10+00:00,2024-11-22 09:15:00+00:00,154.641,154.761,12.000000000000455,tp,W1,2024-11
buy,2024-11-22 09:15:10+00:00,2024-11-22 09:23:20+00:00,154.76299999999998,154.66299999999998,-9.999999999999432,sl,W1,2024-11
buy,2024-11-22 09:49:10+00:00,2024-11-22 09:58:30+00:00,154.367,154.487,12.000000000000455,tp,W1,2024-11
buy,2024-11-22 10:31:10+00:00,2024-11-22 12:24:20+00:00,154.361,154.481,12.000000000000455,tp,W1,2024-11
buy,2024-11-25 08:01:10+00:00,2024-11-25 08:22:40+00:00,154.6,154.5,-9.999999999999432,sl,W1,2024-11
buy,2024-11-25 08:31:10+00:00,2024-11-25 08:46:20+00:00,154.599,154.719,12.000000000000455,tp,W1,2024-11
buy,2024-11-25 08:46:30+00:00,2024-11-25 08:53:10+00:00,154.72799999999998,154.628,-9.999999999999432,sl,W1,2024-11
buy,2024-11-25 08:59:10+00:00,2024-11-25 09:03:00+00:00,154.691,154.591,-9.999999999999432,sl,W1,2024-11
buy,2024-11-26 08:17:10+00:00,2024-11-26 08:30:00+00:00,153.922,153.822,-9.999999999999432,sl,W1,2024-11
buy,2024-11-26 08:39:10+00:00,2024-11-26 09:10:20+00:00,153.887,154.007,12.000000000000455,tp,W1,2024-11
buy,2024-11-26 09:10:30+00:00,2024-11-26 09:59:10+00:00,154.02599999999998,153.926,-9.999999999999432,sl,W1,2024-11
buy,2024-11-26 10:05:10+00:00,2024-11-26 10:10:50+00:00,153.98399999999998,153.884,-9.999999999999432,sl,W1,2024-11
buy,2024-11-27 08:38:10+00:00,2024-11-27 08:51:20+00:00,151.718,151.618,-9.999999999999432,sl,W1,2024-11
buy,2024-11-27 08:58:10+00:00,2024-11-27 09:14:20+00:00,151.77599999999998,151.676,-9.999999999999432,sl,W1,2024-11
buy,2024-11-28 08:01:10+00:00,2024-11-28 08:14:00+00:00,151.802,151.702,-9.999999999999432,sl,W1,2024-11
buy,2024-11-28 08:19:10+00:00,2024-11-28 09:16:40+00:00,151.79999999999998,151.92,12.000000000000455,tp,W1,2024-11
buy,2024-11-28 09:18:10+00:00,2024-11-28 09:35:40+00:00,151.934,151.834,-9.999999999999432,sl,W1,2024-11
buy,2024-11-28 09:42:10+00:00,2024-11-28 11:04:20+00:00,151.89499999999998,151.795,-9.999999999999432,sl,W1,2024-11
buy,2024-11-29 08:00:10+00:00,2024-11-29 08:07:30+00:00,150.02499999999998,150.14499999999998,12.000000000000455,tp,W1,2024-11
buy,2024-11-29 08:15:10+00:00,2024-11-29 08:32:50+00:00,150.23,150.13,-9.999999999999432,sl,W1,2024-11
buy,2024-11-29 08:54:10+00:00,2024-11-29 09:03:20+00:00,150.15099999999998,150.051,-9.999999999999432,sl,W1,2024-11
buy,2024-12-02 08:05:10+00:00,2024-12-02 08:11:40+00:00,150.346,150.246,-9.999999999999432,sl,W1,2024-12
buy,2024-12-02 08:28:10+00:00,2024-12-02 08:38:20+00:00,150.31199999999998,150.212,-9.999999999999432,sl,W1,2024-12
buy,2024-12-03 08:00:10+00:00,2024-12-03 08:01:10+00:00,150.01299999999998,149.91299999999998,-9.999999999999432,sl,W1,2024-12
buy,2024-12-03 08:07:10+00:00,2024-12-03 08:22:50+00:00,150.09099999999998,149.99099999999999,-9.999999999999432,sl,W1,2024-12
buy,2024-12-04 08:07:10+00:00,2024-12-04 08:11:40+00:00,150.54299999999998,150.44299999999998,-9.999999999999432,sl,W1,2024-12
buy,2024-12-04 08:24:10+00:00,2024-12-04 08:26:10+00:00,150.46699999999998,150.367,-9.999999999999432,sl,W1,2024-12
buy,2024-12-05 08:09:10+00:00,2024-12-05 08:21:10+00:00,149.813,149.933,12.000000000000455,tp,W1,2024-12
buy,2024-12-05 08:22:10+00:00,2024-12-05 08:26:40+00:00,149.946,149.846,-9.999999999999432,sl,W1,2024-12
buy,2024-12-05 08:32:10+00:00,2024-12-05 08:46:40+00:00,149.93699999999998,150.057,12.000000000000455,tp,W1,2024-12
buy,2024-12-05 08:48:10+00:00,2024-12-05 09:26:50+00:00,150.129,150.249,12.000000000000455,tp,W1,2024-12
buy,2024-12-05 09:27:10+00:00,2024-12-05 09:35:00+00:00,150.28199999999998,150.182,-9.999999999999432,sl,W1,2024-12
buy,2024-12-05 09:42:10+00:00,2024-12-05 09:44:40+00:00,150.239,150.139,-9.999999999999432,sl,W1,2024-12
buy,2024-12-06 08:02:10+00:00,2024-12-06 08:17:30+00:00,150.19799999999998,150.31799999999998,12.000000000000455,tp,W1,2024-12
buy,2024-12-06 08:18:10+00:00,2024-12-06 09:04:50+00:00,150.325,150.445,12.000000000000455,tp,W1,2024-12
buy,2024-12-06 09:05:00+00:00,2024-12-06 09:31:40+00:00,150.456,150.576,12.000000000000455,tp,W1,2024-12
buy,2024-12-06 09:32:10+00:00,2024-12-06 11:47:20+00:00,150.595,150.495,-9.999999999999432,sl,W1,2024-12
buy,2024-12-09 08:01:10+00:00,2024-12-09 08:34:00+00:00,150.37,150.49,12.000000000000455,tp,W1,2024-12
buy,2024-12-09 09:10:10+00:00,2024-12-09 12:10:30+00:00,150.444,150.564,12.000000000000455,tp,W1,2024-12
buy,2024-12-10 08:02:10+00:00,2024-12-10 08:15:00+00:00,151.628,151.748,12.000000000000455,tp,W1,2024-12
buy,2024-12-10 08:38:10+00:00,2024-12-10 09:11:20+00:00,151.60899999999998,151.509,-9.999999999999432,sl,W1,2024-12
buy,2024-12-10 09:35:10+00:00,2024-12-10 11:04:40+00:00,151.51299999999998,151.63299999999998,12.000000000000455,tp,W1,2024-12
buy,2024-12-11 08:16:10+00:00,2024-12-11 08:33:40+00:00,151.688,151.588,-9.999999999999432,sl,W1,2024-12
buy,2024-12-11 08:49:10+00:00,2024-12-11 09:03:00+00:00,151.53799999999998,151.658,12.000000000000455,tp,W1,2024-12
buy,2024-12-11 09:03:10+00:00,2024-12-11 09:11:00+00:00,151.671,151.571,-9.999999999999432,sl,W1,2024-12
buy,2024-12-11 09:15:10+00:00,2024-12-11 09:17:20+00:00,151.84799999999998,151.968,12.000000000000455,tp,W1,2024-12
buy,2024-12-11 09:18:10+00:00,2024-12-11 09:21:30+00:00,151.965,152.085,12.000000000000455,tp,W1,2024-12
buy,2024-12-11 09:22:10+00:00,2024-12-11 09:23:10+00:00,152.14999999999998,152.26999999999998,12.000000000000455,tp,W1,2024-12
buy,2024-12-11 09:23:20+00:00,2024-12-11 09:25:20+00:00,152.286,152.406,12.000000000000455,tp,W1,2024-12
buy,2024-12-11 09:31:10+00:00,2024-12-11 09:32:40+00:00,152.498,152.398,-9.999999999999432,sl,W1,2024-12
buy,2024-12-11 09:36:10+00:00,2024-12-11 09:55:00+00:00,152.563,152.683,12.000000000000455,tp,W1,2024-12
buy,2024-12-11 10:09:10+00:00,2024-12-11 10:16:30+00:00,152.738,152.638,-9.999999999999432,sl,W1,2024-12
buy,2024-12-11 10:31:10+00:00,2024-12-11 10:37:40+00:00,152.64999999999998,152.54999999999998,-9.999999999999432,sl,W1,2024-12
buy,2024-12-12 08:02:10+00:00,2024-12-12 08:16:10+00:00,152.614,152.514,-9.999999999999432,sl,W1,2024-12
buy,2024-12-12 08:23:10+00:00,2024-12-12 08:35:10+00:00,152.54999999999998,152.45,-9.999999999999432,sl,W1,2024-12
buy,2024-12-13 08:01:10+00:00,2024-12-13 08:25:20+00:00,152.856,152.976,12.000000000000455,tp,W1,2024-12
buy,2024-12-13 08:25:30+00:00,2024-12-13 08:43:50+00:00,153.0,153.12,12.000000000000455,tp,W1,2024-12
buy,2024-12-13 09:38:10+00:00,2024-12-13 09:48:40+00:00,153.28799999999998,153.408,12.000000000000455,tp,W1,2024-12
buy,2024-12-13 10:13:10+00:00,2024-12-13 11:22:00+00:00,153.47,153.59,12.000000000000455,tp,W1,2024-12
buy,2024-12-16 08:06:10+00:00,2024-12-16 08:18:10+00:00,153.565,153.465,-9.999999999999432,sl,W1,2024-12
buy,2024-12-16 08:23:10+00:00,2024-12-16 08:37:30+00:00,153.534,153.654,12.000000000000455,tp,W1,2024-12
buy,2024-12-16 08:37:40+00:00,2024-12-16 09:52:20+00:00,153.66799999999998,153.78799999999998,12.000000000000455,tp,W1,2024-12
buy,2024-12-16 09:53:10+00:00,2024-12-16 10:19:00+00:00,153.803,153.703,-9.999999999999432,sl,W1,2024-12
buy,2024-12-16 10:32:10+00:00,2024-12-16 11:02:50+00:00,153.733,153.853,12.000000000000455,tp,W1,2024-12
buy,2024-12-17 08:02:10+00:00,2024-12-17 08:34:50+00:00,154.09799999999998,153.998,-9.999999999999432,sl,W1,2024-12
buy,2024-12-17 08:51:10+00:00,2024-12-17 09:01:30+00:00,153.88799999999998,153.78799999999998,-9.999999999999432,sl,W1,2024-12
buy,2024-12-18 08:44:10+00:00,2024-12-18 09:18:40+00:00,153.6,153.72,12.000000000000455,tp,W1,2024-12
buy,2024-12-18 10:13:10+00:00,2024-12-18 10:57:10+00:00,153.65099999999998,153.551,-9.999999999999432,sl,W1,2024-12
buy,2024-12-19 08:01:10+00:00,2024-12-19 08:11:40+00:00,156.54,156.44,-9.999999999999432,sl,W1,2024-12
buy,2024-12-19 08:25:10+00:00,2024-12-19 08:33:40+00:00,156.75799999999998,156.878,12.000000000000455,tp,W1,2024-12
buy,2024-12-19 08:35:10+00:00,2024-12-19 08:41:10+00:00,156.927,157.047,12.000000000000455,tp,W1,2024-12
buy,2024-12-19 08:58:10+00:00,2024-12-19 09:04:00+00:00,156.92,157.04,12.000000000000455,tp,W1,2024-12
buy,2024-12-19 09:40:10+00:00,2024-12-19 09:46:10+00:00,156.904,157.024,12.000000000000455,tp,W1,2024-12
buy,2024-12-19 09:46:20+00:00,2024-12-19 10:00:40+00:00,157.034,156.934,-9.999999999999432,sl,W1,2024-12
buy,2024-12-19 10:20:10+00:00,2024-12-19 10:31:40+00:00,156.981,156.881,-9.999999999999432,sl,W1,2024-12
buy,2024-12-20 08:11:10+00:00,2024-12-20 08:15:00+00:00,156.85399999999998,156.754,-9.999999999999432,sl,W1,2024-12
buy,2024-12-20 08:26:10+00:00,2024-12-20 08:34:00+00:00,156.837,156.957,12.000000000000455,tp,W1,2024-12
buy,2024-12-20 08:56:10+00:00,2024-12-20 09:14:40+00:00,156.852,156.752,-9.999999999999432,sl,W1,2024-12
buy,2024-12-20 09:25:10+00:00,2024-12-20 09:51:30+00:00,156.721,156.621,-9.999999999999432,sl,W1,2024-12
buy,2024-12-23 08:29:10+00:00,2024-12-23 08:46:10+00:00,156.60399999999998,156.504,-9.999999999999432,sl,W1,2024-12
buy,2024-12-23 09:03:10+00:00,2024-12-23 09:51:30+00:00,156.59799999999998,156.718,12.000000000000455,tp,W1,2024-12
buy,2024-12-23 09:54:10+00:00,2024-12-23 10:00:10+00:00,156.76299999999998,156.66299999999998,-9.999999999999432,sl,W1,2024-12
buy,2024-12-23 10:12:10+00:00,2024-12-23 11:33:00+00:00,156.719,156.839,12.000000000000455,tp,W1,2024-12
buy,2024-12-24 08:52:10+00:00,2024-12-24 11:50:50+00:00,157.042,157.162,12.000000000000455,tp,W1,2024-12
buy,2024-12-26 08:30:10+00:00,2024-12-26 11:12:10+00:00,157.396,157.516,12.000000000000455,tp,W1,2024-12
buy,2024-12-27 08:09:10+00:00,2024-12-27 10:30:00+00:00,157.84199999999998,157.742,-9.999999999999432,sl,W1,2024-12
buy,2024-12-27 10:42:10+00:00,2024-12-27 11:26:20+00:00,157.783,157.683,-9.999999999999432,sl,W1,2024-12
buy,2024-12-30 08:00:10+00:00,2024-12-30 10:12:20+00:00,157.902,157.802,-9.999999999999432,sl,W1,2024-12
buy,2024-12-30 10:22:10+00:00,2024-12-30 11:17:50+00:00,157.79999999999998,157.7,-9.999999999999432,sl,W1,2024-12
buy,2024-12-31 08:28:10+00:00,2024-12-31 09:08:40+00:00,156.101,156.221,12.000000000000455,tp,W1,2024-12
buy,2024-12-31 09:08:50+00:00,2024-12-31 09:21:50+00:00,156.232,156.352,12.000000000000455,tp,W1,2024-12
buy,2024-12-31 09:22:10+00:00,2024-12-31 09:46:50+00:00,156.35399999999998,156.474,12.000000000000455,tp,W1,2024-12
buy,2024-12-31 09:47:10+00:00,2024-12-31 09:55:30+00:00,156.486,156.606,12.000000000000455,tp,W1,2024-12
buy,2024-12-31 09:55:40+00:00,2024-12-31 10:05:10+00:00,156.618,156.738,12.000000000000455,tp,W1,2024-12
buy,2024-12-31 10:06:10+00:00,2024-12-31 10:24:40+00:00,156.766,156.886,12.000000000000455,tp,W1,2024-12
buy,2024-12-31 10:25:10+00:00,2024-12-31 10:35:30+00:00,156.938,156.838,-9.999999999999432,sl,W1,2024-12
buy,2024-12-31 10:57:10+00:00,2024-12-31 11:08:00+00:00,156.838,156.738,-9.999999999999432,sl,W1,2024-12
